Workbook

Sheet Legend
A1: Supplementary Table S3. Validation of CiliaHub against independent clinical gene panels (PanelApp Australia)
A3: CiliaHub release: v9.2 (frozen 2026-10-03); 2,785 genes (2,179 gold-standard, 606 cilia-associated).
A4: Panels: PanelApp Australia (https://panelapp-aus.org), downloaded 26 September 2026 as TSV: Ciliopathies (panel 84, v2.21), Ciliary Dyskinesia (panel 82, v2.0) and, as a non-ciliary control, Dilated Cardiomyopathy (panel 95, v2.12).
A5: Only gene entities were analysed; the two copy-number region entities on the Ciliopathies panel (NPHP1 deletion, 17q12 deletion) were excluded, as their key genes (NPHP1, HNF1B) are listed as gene entities.
A6: PanelApp rating: Green = diagnostic-grade evidence (primary analysis); Amber = moderate evidence; Red = insufficient evidence.
A8: Gene matching, in order of priority: (1) panel GRCh38 Ensembl ID matched to a CiliaHub Ensembl ID; (2) Ensembl ID mapped to its current HGNC symbol, then matched to CiliaHub; (3) exact current symbol; (4) HGNC previous symbol, CiliaHub synonym, then HGNC alias, used only when unique and not itself a current HGNC symbol of another gene.
A9: Ciliopathy module: CiliaHub genes linked to at least one ciliopathy (primary, motile or tissue-restricted); genes linked only to secondary disorders are excluded.
A10: Fold enrichment = (fraction of panel genes captured) / (fraction of the 19,214 protein-coding genes in CiliaHub or in the module).
A12: Sheets:
A13: Summary: recall, category split, ciliopathy-module recall, fold enrichment and Fisher P values, by panel and rating.
A14: Ciliopathies, Ciliary Dyskinesia, Dilated Cardiomyopathy: one row per panel gene, with the panel annotation and the matched CiliaHub record.

Sheet Summary
A1: Panel | B1: Role | C1: PanelApp rating | D1: Genes | E1: In CiliaHub | F1: % in CiliaHub | G1: Gold-standard | H1: Cilia-associated | I1: In ciliopathy module | J1: % in ciliopathy module | K1: Fold enrichment, CiliaHub | L1: Fisher P, CiliaHub (one-sided) | M1: Fold enrichment, module | N1: Fisher P, module (one-sided)
A2: Ciliopathies (panel 84, v2.21) | B2: Ciliary (test) | C2: Green | D2: =COUNTIFS(Ciliopathies!$B$2:$B$163,"Green") -> 131 | E2: =COUNTIFS(Ciliopathies!$B$2:$B$163,"Green",Ciliopathies!$H$2:$H$163,"Yes") -> 131 | F2: =IF(D2=0,"",E2/D2) -> 1 | G2: =COUNTIFS(Ciliopathies!$B$2:$B$163,"Green",Ciliopathies!$K$2:$K$163,"Gold-standard") -> 125 | H2: =COUNTIFS(Ciliopathies!$B$2:$B$163,"Green",Ciliopathies!$K$2:$K$163,"Cilia-associated") -> 6 | I2: =COUNTIFS(Ciliopathies!$B$2:$B$163,"Green",Ciliopathies!$L$2:$L$163,"Yes") -> 126 | J2: =IF(D2=0,"",I2/D2) -> 0.96183206 | K2: =IF(D2=0,"",F2/($B$20/$B$19)) -> 6.8991023 | L2: 9.61e-112 | M2: =IF(D2=0,"",J2/($B$21/$B$19)) -> 37.109721 | N2: 1.64e-195
A3: Ciliopathies (panel 84, v2.21) | B3: Ciliary (test) | C3: Amber | D3: =COUNTIFS(Ciliopathies!$B$2:$B$163,"Amber") -> 15 | E3: =COUNTIFS(Ciliopathies!$B$2:$B$163,"Amber",Ciliopathies!$H$2:$H$163,"Yes") -> 13 | F3: =IF(D3=0,"",E3/D3) -> 0.86666667 | G3: =COUNTIFS(Ciliopathies!$B$2:$B$163,"Amber",Ciliopathies!$K$2:$K$163,"Gold-standard") -> 8 | H3: =COUNTIFS(Ciliopathies!$B$2:$B$163,"Amber",Ciliopathies!$K$2:$K$163,"Cilia-associated") -> 5 | I3: =COUNTIFS(Ciliopathies!$B$2:$B$163,"Amber",Ciliopathies!$L$2:$L$163,"Yes") -> 9 | J3: =IF(D3=0,"",I3/D3) -> 0.6 | K3: =IF(D3=0,"",F3/($B$20/$B$19)) -> 5.979222 | L3: 9.63e-10 | M3: =IF(D3=0,"",J3/($B$21/$B$19)) -> 23.149398 | N3: 3.8e-11
A4: Ciliopathies (panel 84, v2.21) | B4: Ciliary (test) | C4: Red | D4: =COUNTIFS(Ciliopathies!$B$2:$B$163,"Red") -> 16 | E4: =COUNTIFS(Ciliopathies!$B$2:$B$163,"Red",Ciliopathies!$H$2:$H$163,"Yes") -> 12 | F4: =IF(D4=0,"",E4/D4) -> 0.75 | G4: =COUNTIFS(Ciliopathies!$B$2:$B$163,"Red",Ciliopathies!$K$2:$K$163,"Gold-standard") -> 8 | H4: =COUNTIFS(Ciliopathies!$B$2:$B$163,"Red",Ciliopathies!$K$2:$K$163,"Cilia-associated") -> 4 | I4: =COUNTIFS(Ciliopathies!$B$2:$B$163,"Red",Ciliopathies!$L$2:$L$163,"Yes") -> 8 | J4: =IF(D4=0,"",I4/D4) -> 0.5 | K4: =IF(D4=0,"",F4/($B$20/$B$19)) -> 5.1743267 | L4: 8.7e-08 | M4: =IF(D4=0,"",J4/($B$21/$B$19)) -> 19.291165 | N4: 3.42e-09
A5: Ciliopathies (panel 84, v2.21) | B5: Ciliary (test) | C5: All | D5: =COUNTIFS(Ciliopathies!$B$2:$B$163,"*") -> 162 | E5: =COUNTIFS(Ciliopathies!$B$2:$B$163,"*",Ciliopathies!$H$2:$H$163,"Yes") -> 156 | F5: =IF(D5=0,"",E5/D5) -> 0.96296296 | G5: =COUNTIFS(Ciliopathies!$B$2:$B$163,"*",Ciliopathies!$K$2:$K$163,"Gold-standard") -> 141 | H5: =COUNTIFS(Ciliopathies!$B$2:$B$163,"*",Ciliopathies!$K$2:$K$163,"Cilia-associated") -> 15 | I5: =COUNTIFS(Ciliopathies!$B$2:$B$163,"*",Ciliopathies!$L$2:$L$163,"Yes") -> 143 | J5: =IF(D5=0,"",I5/D5) -> 0.88271605 | K5: =IF(D5=0,"",F5/($B$20/$B$19)) -> 6.64358 | L5: 3.17e-123 | M5: =IF(D5=0,"",J5/($B$21/$B$19)) -> 34.057241 | N5: 2.79e-208
A6: Ciliary Dyskinesia (panel 82, v2.0) | B6: Ciliary (test) | C6: Green | D6: =COUNTIFS('Ciliary Dyskinesia'!$B$2:$B$78,"Green") -> 54 | E6: =COUNTIFS('Ciliary Dyskinesia'!$B$2:$B$78,"Green",'Ciliary Dyskinesia'!$H$2:$H$78,"Yes") -> 53 | F6: =IF(D6=0,"",E6/D6) -> 0.98148148 | G6: =COUNTIFS('Ciliary Dyskinesia'!$B$2:$B$78,"Green",'Ciliary Dyskinesia'!$K$2:$K$78,"Gold-standard") -> 50 | H6: =COUNTIFS('Ciliary Dyskinesia'!$B$2:$B$78,"Green",'Ciliary Dyskinesia'!$K$2:$K$78,"Cilia-associated") -> 3 | I6: =COUNTIFS('Ciliary Dyskinesia'!$B$2:$B$78,"Green",'Ciliary Dyskinesia'!$L$2:$L$78,"Yes") -> 52 | J6: =IF(D6=0,"",I6/D6) -> 0.96296296 | K6: =IF(D6=0,"",F6/($B$20/$B$19)) -> 6.7713412 | L6: 1.08e-43 | M6: =IF(D6=0,"",J6/($B$21/$B$19)) -> 37.153354 | N6: 9.99e-80
A7: Ciliary Dyskinesia (panel 82, v2.0) | B7: Ciliary (test) | C7: Amber | D7: =COUNTIFS('Ciliary Dyskinesia'!$B$2:$B$78,"Amber") -> 10 | E7: =COUNTIFS('Ciliary Dyskinesia'!$B$2:$B$78,"Amber",'Ciliary Dyskinesia'!$H$2:$H$78,"Yes") -> 5 | F7: =IF(D7=0,"",E7/D7) -> 0.5 | G7: =COUNTIFS('Ciliary Dyskinesia'!$B$2:$B$78,"Amber",'Ciliary Dyskinesia'!$K$2:$K$78,"Gold-standard") -> 5 | H7: =COUNTIFS('Ciliary Dyskinesia'!$B$2:$B$78,"Amber",'Ciliary Dyskinesia'!$K$2:$K$78,"Cilia-associated") -> 0 | I7: =COUNTIFS('Ciliary Dyskinesia'!$B$2:$B$78,"Amber",'Ciliary Dyskinesia'!$L$2:$L$78,"Yes") -> 4 | J7: =IF(D7=0,"",I7/D7) -> 0.4 | K7: =IF(D7=0,"",F7/($B$20/$B$19)) -> 3.4495512 | L7: 0.00851 | M7: =IF(D7=0,"",J7/($B$21/$B$19)) -> 15.432932 | N7: 0.000106
A8: Ciliary Dyskinesia (panel 82, v2.0) | B8: Ciliary (test) | C8: Red | D8: =COUNTIFS('Ciliary Dyskinesia'!$B$2:$B$78,"Red") -> 13 | E8: =COUNTIFS('Ciliary Dyskinesia'!$B$2:$B$78,"Red",'Ciliary Dyskinesia'!$H$2:$H$78,"Yes") -> 13 | F8: =IF(D8=0,"",E8/D8) -> 1 | G8: =COUNTIFS('Ciliary Dyskinesia'!$B$2:$B$78,"Red",'Ciliary Dyskinesia'!$K$2:$K$78,"Gold-standard") -> 10 | H8: =COUNTIFS('Ciliary Dyskinesia'!$B$2:$B$78,"Red",'Ciliary Dyskinesia'!$K$2:$K$78,"Cilia-associated") -> 3 | I8: =COUNTIFS('Ciliary Dyskinesia'!$B$2:$B$78,"Red",'Ciliary Dyskinesia'!$L$2:$L$78,"Yes") -> 10 | J8: =IF(D8=0,"",I8/D8) -> 0.76923077 | K8: =IF(D8=0,"",F8/($B$20/$B$19)) -> 6.8991023 | L8: 1.22e-11 | M8: =IF(D8=0,"",J8/($B$21/$B$19)) -> 29.678715 | N8: 6.35e-14
A9: Ciliary Dyskinesia (panel 82, v2.0) | B9: Ciliary (test) | C9: All | D9: =COUNTIFS('Ciliary Dyskinesia'!$B$2:$B$78,"*") -> 77 | E9: =COUNTIFS('Ciliary Dyskinesia'!$B$2:$B$78,"*",'Ciliary Dyskinesia'!$H$2:$H$78,"Yes") -> 71 | F9: =IF(D9=0,"",E9/D9) -> 0.92207792 | G9: =COUNTIFS('Ciliary Dyskinesia'!$B$2:$B$78,"*",'Ciliary Dyskinesia'!$K$2:$K$78,"Gold-standard") -> 65 | H9: =COUNTIFS('Ciliary Dyskinesia'!$B$2:$B$78,"*",'Ciliary Dyskinesia'!$K$2:$K$78,"Cilia-associated") -> 6 | I9: =COUNTIFS('Ciliary Dyskinesia'!$B$2:$B$78,"*",'Ciliary Dyskinesia'!$L$2:$L$78,"Yes") -> 66 | J9: =IF(D9=0,"",I9/D9) -> 0.85714286 | K9: =IF(D9=0,"",F9/($B$20/$B$19)) -> 6.3615099 | L9: 1.27e-52 | M9: =IF(D9=0,"",J9/($B$21/$B$19)) -> 33.070568 | N9: 1.16e-92
A10: Dilated Cardiomyopathy (panel 95, v2.12) | B10: Non-ciliary (control) | C10: Green | D10: =COUNTIFS('Dilated Cardiomyopathy'!$B$2:$B$75,"Green") -> 36 | E10: =COUNTIFS('Dilated Cardiomyopathy'!$B$2:$B$75,"Green",'Dilated Cardiomyopathy'!$H$2:$H$75,"Yes") -> 8 | F10: =IF(D10=0,"",E10/D10) -> 0.22222222 | G10: =COUNTIFS('Dilated Cardiomyopathy'!$B$2:$B$75,"Green",'Dilated Cardiomyopathy'!$K$2:$K$75,"Gold-standard") -> 6 | H10: =COUNTIFS('Dilated Cardiomyopathy'!$B$2:$B$75,"Green",'Dilated Cardiomyopathy'!$K$2:$K$75,"Cilia-associated") -> 2 | I10: =COUNTIFS('Dilated Cardiomyopathy'!$B$2:$B$75,"Green",'Dilated Cardiomyopathy'!$L$2:$L$75,"Yes") -> 1 | J10: =IF(D10=0,"",I10/D10) -> 0.027777778 | K10: =IF(D10=0,"",F10/($B$20/$B$19)) -> 1.5331339 | L10: 0.141 | M10: =IF(D10=0,"",J10/($B$21/$B$19)) -> 1.0717314 | N10: 0.636
A11: Dilated Cardiomyopathy (panel 95, v2.12) | B11: Non-ciliary (control) | C11: Amber | D11: =COUNTIFS('Dilated Cardiomyopathy'!$B$2:$B$75,"Amber") -> 16 | E11: =COUNTIFS('Dilated Cardiomyopathy'!$B$2:$B$75,"Amber",'Dilated Cardiomyopathy'!$H$2:$H$75,"Yes") -> 1 | F11: =IF(D11=0,"",E11/D11) -> 0.0625 | G11: =COUNTIFS('Dilated Cardiomyopathy'!$B$2:$B$75,"Amber",'Dilated Cardiomyopathy'!$K$2:$K$75,"Gold-standard") -> 0 | H11: =COUNTIFS('Dilated Cardiomyopathy'!$B$2:$B$75,"Amber",'Dilated Cardiomyopathy'!$K$2:$K$75,"Cilia-associated") -> 1 | I11: =COUNTIFS('Dilated Cardiomyopathy'!$B$2:$B$75,"Amber",'Dilated Cardiomyopathy'!$L$2:$L$75,"Yes") -> 0 | J11: =IF(D11=0,"",I11/D11) -> 0 | K11: =IF(D11=0,"",F11/($B$20/$B$19)) -> 0.4311939 | L11: 0.919 | M11: =IF(D11=0,"",J11/($B$21/$B$19)) -> 0 | N11: 1
A12: Dilated Cardiomyopathy (panel 95, v2.12) | B12: Non-ciliary (control) | C12: Red | D12: =COUNTIFS('Dilated Cardiomyopathy'!$B$2:$B$75,"Red") -> 22 | E12: =COUNTIFS('Dilated Cardiomyopathy'!$B$2:$B$75,"Red",'Dilated Cardiomyopathy'!$H$2:$H$75,"Yes") -> 7 | F12: =IF(D12=0,"",E12/D12) -> 0.31818182 | G12: =COUNTIFS('Dilated Cardiomyopathy'!$B$2:$B$75,"Red",'Dilated Cardiomyopathy'!$K$2:$K$75,"Gold-standard") -> 4 | H12: =COUNTIFS('Dilated Cardiomyopathy'!$B$2:$B$75,"Red",'Dilated Cardiomyopathy'!$K$2:$K$75,"Cilia-associated") -> 3 | I12: =COUNTIFS('Dilated Cardiomyopathy'!$B$2:$B$75,"Red",'Dilated Cardiomyopathy'!$L$2:$L$75,"Yes") -> 1 | J12: =IF(D12=0,"",I12/D12) -> 0.045454545 | K12: =IF(D12=0,"",F12/($B$20/$B$19)) -> 2.1951689 | L12: 0.0311 | M12: =IF(D12=0,"",J12/($B$21/$B$19)) -> 1.7537422 | N12: 0.46
A13: Dilated Cardiomyopathy (panel 95, v2.12) | B13: Non-ciliary (control) | C13: All | D13: =COUNTIFS('Dilated Cardiomyopathy'!$B$2:$B$75,"*") -> 74 | E13: =COUNTIFS('Dilated Cardiomyopathy'!$B$2:$B$75,"*",'Dilated Cardiomyopathy'!$H$2:$H$75,"Yes") -> 16 | F13: =IF(D13=0,"",E13/D13) -> 0.21621622 | G13: =COUNTIFS('Dilated Cardiomyopathy'!$B$2:$B$75,"*",'Dilated Cardiomyopathy'!$K$2:$K$75,"Gold-standard") -> 10 | H13: =COUNTIFS('Dilated Cardiomyopathy'!$B$2:$B$75,"*",'Dilated Cardiomyopathy'!$K$2:$K$75,"Cilia-associated") -> 6 | I13: =COUNTIFS('Dilated Cardiomyopathy'!$B$2:$B$75,"*",'Dilated Cardiomyopathy'!$L$2:$L$75,"Yes") -> 2 | J13: =IF(D13=0,"",I13/D13) -> 0.027027027 | K13: =IF(D13=0,"",F13/($B$20/$B$19)) -> 1.4916978 | L13: 0.0627 | M13: =IF(D13=0,"",J13/($B$21/$B$19)) -> 1.0427657 | N13: 0.61
A19: Gene universe (protein-coding genes, Table S1) | B19: 19214
A20: CiliaHub v9.2 genes | B20: 2785
A21: Ciliopathy module genes (linked to ≥1 ciliopathy; genes linked only to secondary disorders excluded) | B21: 498
A23: Primary analysis rows (Green = diagnostic-grade) are in bold. Counts, percentages and fold enrichments are live formulas over the panel sheets; one-sided Fisher exact P values (scipy.stats.fisher_exact, alternative="greater", against the 19,214-gene universe) are static values.

Sheet Ciliopathies
A1: Gene symbol (panel) | B1: PanelApp rating | C1: Mode of inheritance | D1: Phenotypes (panel) | E1: Ensembl ID GRCh38 (panel) | F1: HGNC ID (panel) | G1: Panel sources | H1: In CiliaHub | I1: CiliaHub gene | J1: Match method | K1: CiliaHub category | L1: In ciliopathy module | M1: CiliaHub ciliopathies | N1: CiliaHub ciliopathy classification | O1: CiliaHub localization | P1: Note
A2: AHI1 | B2: Green | C2: BIALLELIC, autosomal or pseudoautosomal | D2: Joubert syndrome 3, MIM# 608629 | E2: ENSG00000135541 | F2: HGNC:21575 | G2: Expert Review Green;Victorian Clinical Genetics Services | H2: Yes | I2: AHI1 | J2: Ensembl ID | K2: Gold-standard | L2: Yes | M2: Joubert Syndrome; Nephronophthisis | N2: Primary Ciliopathies | O2: basal body; centrosome; cilia | P2: Modifier: in one acrocallosal syndrome family with a homozygous KIF7 deletion, an additional AHI1 (p.R830W) variant was proposed as an oligogenic contributor to phenotypic variability (PMID 23142271).
A3: ALMS1 | B3: Green | C3: BIALLELIC, autosomal or pseudoautosomal | D3: Alstrom syndrome, MIM# 203800 | E3: ENSG00000116127 | F3: HGNC:428 | G3: Expert Review Green;Victorian Clinical Genetics Services | H3: Yes | I3: ALMS1 | J3: Ensembl ID | K3: Gold-standard | L3: Yes | M3: Alström Syndrome | N3: Primary Ciliopathies | O3: basal body; centrosome; cilia; cytosol
A4: ANKS6 | B4: Green | C4: BIALLELIC, autosomal or pseudoautosomal | D4: Nephronophthisis 16, MIM# 615382;MONDO:0014158 | E4: ENSG00000165138 | F4: HGNC:26724 | G4: Expert Review Green;Victorian Clinical Genetics Services | H4: Yes | I4: ANKS6 | J4: Ensembl ID | K4: Gold-standard | L4: Yes | M4: Nephronophthisis; Polycystic Kidney Disease | N4: Primary Ciliopathies; Tissue-restricted Ciliopathies | O4: cilia
A5: ARL13B | B5: Green | C5: BIALLELIC, autosomal or pseudoautosomal | D5: Joubert syndrome 8, MIM# 612291 | E5: ENSG00000169379 | F5: HGNC:25419 | G5: Expert Review Green;Victorian Clinical Genetics Services | H5: Yes | I5: ARL13B | J5: Ensembl ID | K5: Gold-standard | L5: Yes | M5: Joubert Syndrome | N5: Primary Ciliopathies | O5: cilia
A6: ARL3 | B6: Green | C6: BIALLELIC, autosomal or pseudoautosomal | D6: Joubert syndrome 35 MIM#618161 | E6: ENSG00000138175 | F6: HGNC:694 | G6: Expert Review Green;Literature | H6: Yes | I6: ARL3 | J6: Ensembl ID | K6: Gold-standard | L6: Yes | M6: Autosomal Recessive Polycystic Kidney Disease; Cone-Rod Dystrophy; Joubert Syndrome; Retinal Dystrophy/Degeneration | N6: Tissue-restricted Ciliopathies; Primary Ciliopathies | O6: basal body; centrosome; nucleus
A7: ARL6 | B7: Green | C7: BIALLELIC, autosomal or pseudoautosomal | D7: Bardet-Biedl syndrome 3, MIM# 600151;Retinitis pigmentosa 55, MIM# 613575 | E7: ENSG00000113966 | F7: HGNC:13210 | G7: Expert Review Green;Victorian Clinical Genetics Services | H7: Yes | I7: ARL6 | J7: Ensembl ID | K7: Gold-standard | L7: Yes | M7: Bardet-Biedl Syndrome; Retinal Dystrophy/Degeneration | N7: Primary Ciliopathies; Tissue-restricted Ciliopathies | O7: basal body; cilia; transition zone
A8: ARMC9 | B8: Green | C8: BIALLELIC, autosomal or pseudoautosomal | D8: Joubert syndrome 30 617622 AR | E8: ENSG00000135931 | F8: HGNC:20730 | G8: Expert list;Expert Review Green | H8: Yes | I8: ARMC9 | J8: Ensembl ID | K8: Gold-standard | L8: Yes | M8: Joubert Syndrome | N8: Primary Ciliopathies | O8: basal body; cilia
A9: B9D1 | B9: Green | C9: BIALLELIC, autosomal or pseudoautosomal | D9: Ciliopathy, MONDO:0005308, B9D1-related | E9: ENSG00000108641 | F9: HGNC:24123 | G9: Expert Review Green;Victorian Clinical Genetics Services | H9: Yes | I9: B9D1 | J9: Ensembl ID | K9: Gold-standard | L9: Yes | M9: Joubert Syndrome; Meckel-Gruber Syndrome | N9: Primary Ciliopathies | O9: basal body; centrosome; transition zone
A10: B9D2 | B10: Green | C10: BIALLELIC, autosomal or pseudoautosomal | D10: Joubert syndrome 34, MIM# 614175;Meckel syndrome 10, MIM# 614175 | E10: ENSG00000123810 | F10: HGNC:28636 | G10: Expert Review Green;Victorian Clinical Genetics Services | H10: Yes | I10: B9D2 | J10: Ensembl ID | K10: Gold-standard | L10: Yes | M10: Joubert Syndrome; Meckel-Gruber Syndrome; Nephronophthisis | N10: Primary Ciliopathies | O10: basal body; centrosome; cytosol; nucleus; transition zone
A11: BBIP1 | B11: Green | C11: BIALLELIC, autosomal or pseudoautosomal | D11: Bardet-Biedl syndrome 18, MIM#615995 | E11: ENSG00000214413 | F11: HGNC:28093 | G11: Expert list;Expert Review Green | H11: Yes | I11: BBIP1 | J11: Ensembl ID | K11: Gold-standard | L11: Yes | M11: Bardet-Biedl Syndrome | N11: Primary Ciliopathies | O11: basal body; cilia
A12: BBS1 | B12: Green | C12: BIALLELIC, autosomal or pseudoautosomal | D12: Bardet-Biedl syndrome 1, MIM# 209900 | E12: ENSG00000174483 | F12: HGNC:966 | G12: Expert Review Green;Victorian Clinical Genetics Services | H12: Yes | I12: BBS1 | J12: Ensembl ID | K12: Gold-standard | L12: Yes | M12: Bardet-Biedl Syndrome; Cranioectodermal Dysplasia (Sensenbrenner) | N12: Primary Ciliopathies | O12: basal body; cilia; nucleus
A13: BBS10 | B13: Green | C13: BIALLELIC, autosomal or pseudoautosomal | D13: Bardet-Biedl syndrome 10, MIM# 615987 | E13: ENSG00000179941 | F13: HGNC:26291 | G13: Expert Review Green;Victorian Clinical Genetics Services | H13: Yes | I13: BBS10 | J13: Ensembl ID | K13: Gold-standard | L13: Yes | M13: Bardet-Biedl Syndrome | N13: Primary Ciliopathies | O13: basal body
A14: BBS12 | B14: Green | C14: BIALLELIC, autosomal or pseudoautosomal | D14: Bardet-Biedl syndrome 12, MIM# 615989 | E14: ENSG00000181004 | F14: HGNC:26648 | G14: Expert Review Green;Victorian Clinical Genetics Services | H14: Yes | I14: BBS12 | J14: Ensembl ID | K14: Gold-standard | L14: Yes | M14: Bardet-Biedl Syndrome | N14: Primary Ciliopathies | O14: basal body
A15: BBS2 | B15: Green | C15: BIALLELIC, autosomal or pseudoautosomal | D15: Bardet-Biedl syndrome 2, MIM# 615981;Retinitis pigmentosa 74, MIM# 616562 | E15: ENSG00000125124 | F15: HGNC:967 | G15: Expert Review Green;Victorian Clinical Genetics Services | H15: Yes | I15: BBS2 | J15: Ensembl ID | K15: Gold-standard | L15: Yes | M15: Bardet-Biedl Syndrome; Retinal Dystrophy/Degeneration | N15: Primary Ciliopathies; Tissue-restricted Ciliopathies | O15: basal body; cilia; transition zone | P15: Modifier: in one acrocallosal syndrome family with a homozygous KIF7 deletion, an additional BBS2 (p.N70S) variant was proposed as an oligogenic contributor to phenotypic variability (PMID 23142271).
A16: BBS4 | B16: Green | C16: BIALLELIC, autosomal or pseudoautosomal | D16: Bardet-Biedl syndrome 4, MIM#615982;MONDO:0014433 | E16: ENSG00000140463 | F16: HGNC:969 | G16: Expert Review Green;Victorian Clinical Genetics Services | H16: Yes | I16: BBS4 | J16: Ensembl ID | K16: Gold-standard | L16: Yes | M16: Bardet-Biedl Syndrome | N16: Primary Ciliopathies | O16: basal body; centrosome; cilia | P16: Modifier: in one acrocallosal syndrome family with a homozygous KIF7 deletion, an additional BBS4 (p.M472V) variant was proposed as an oligogenic contributor to phenotypic variability (PMID 23142271).
A17: BBS5 | B17: Green | C17: BIALLELIC, autosomal or pseudoautosomal | D17: Bardet-Biedl syndrome 5, MIM#615983;MONDO:0014434 | E17: ENSG00000163093 | F17: HGNC:970 | G17: Expert Review Green;Victorian Clinical Genetics Services | H17: Yes | I17: BBS5 | J17: Ensembl ID | K17: Gold-standard | L17: Yes | M17: Bardet-Biedl Syndrome | N17: Primary Ciliopathies | O17: basal body
A18: BBS7 | B18: Green | C18: BIALLELIC, autosomal or pseudoautosomal | D18: Bardet-Biedl syndrome 7, MIM# 615984;MONDO:0014435 | E18: ENSG00000138686 | F18: HGNC:18758 | G18: Expert Review Green;Victorian Clinical Genetics Services | H18: Yes | I18: BBS7 | J18: Ensembl ID | K18: Gold-standard | L18: Yes | M18: Bardet-Biedl Syndrome | N18: Primary Ciliopathies | O18: basal body; centrosome; cilia; nucleus
A19: BBS9 | B19: Green | C19: BIALLELIC, autosomal or pseudoautosomal | D19: Bardet-Biedl syndrome 9, MIM#615986;MONDO:0014437 | E19: ENSG00000122507 | F19: HGNC:30000 | G19: Expert Review Green;Victorian Clinical Genetics Services | H19: Yes | I19: BBS9 | J19: Ensembl ID | K19: Gold-standard | L19: Yes | M19: Bardet-Biedl Syndrome | N19: Primary Ciliopathies | O19: cilia
A20: C2CD3 | B20: Green | C20: BIALLELIC, autosomal or pseudoautosomal | D20: Orofaciodigital syndrome XIV, MIM# 615948;MONDO:0014413 | E20: ENSG00000168014 | F20: HGNC:24564 | G20: Expert list;Expert Review Green;Victorian Clinical Genetics Services | H20: Yes | I20: C2CD3 | J20: Ensembl ID | K20: Gold-standard | L20: Yes | M20: Orofaciodigital Syndrome | N20: Primary Ciliopathies | O20: basal body; centrosome
A21: CBY1 | B21: Green | C21: BIALLELIC, autosomal or pseudoautosomal | D21: intellectual disability;cerebellar ataxia;molar tooth sign;polydactyly;Joubert syndrome | E21: ENSG00000100211 | F21: HGNC:1307 | G21: Expert Review Green;Literature | H21: Yes | I21: CBY1 | J21: Ensembl ID | K21: Gold-standard | L21: Yes | M21: Joubert Syndrome | N21: Primary Ciliopathies | O21: basal body; nucleus; transition zone
A22: CC2D2A | B22: Green | C22: BIALLELIC, autosomal or pseudoautosomal | D22: COACH syndrome 2, MIM# 619111;Joubert syndrome 9, 612285;Meckel syndrome 6, 612284 | E22: ENSG00000048342 | F22: HGNC:29253 | G22: Expert Review Green;Victorian Clinical Genetics Services | H22: Yes | I22: CC2D2A | J22: Ensembl ID | K22: Gold-standard | L22: Yes | M22: COACH Syndrome; Joubert Syndrome; Meckel-Gruber Syndrome; Nephronophthisis | N22: Primary Ciliopathies | O22: basal body; cilia; transition zone
A23: CCDC32 | B23: Green | C23: BIALLELIC, autosomal or pseudoautosomal | D23: Cardiofacioneurodevelopmental syndrome (CFNDS), MIM#619123;Craniofacial, cardiac, laterality and neurodevelopmental anomalies | E23: ENSG00000128891 | F23: HGNC:28295 | G23: Expert Review Green;Literature | H23: Yes | I23: CCDC32 | J23: Ensembl ID | K23: Gold-standard | L23: No | O23: basal body
A24: CDK20 | B24: Green | C24: BIALLELIC, autosomal or pseudoautosomal | D24: Lemire-Marshall-Drivas-Chitayat syndrome, MIM# 621676 | E24: ENSG00000156345 | F24: HGNC:21420 | G24: Expert Review Green;Literature | H24: Yes | I24: CDK20 | J24: Ensembl ID | K24: Gold-standard | L24: Yes | M24: CDK20-related Ciliopathy with Midline Brain and Facial Anomalies | N24: Primary Ciliopathies | O24: cilia; nucleus
A25: CENPF | B25: Green | C25: BIALLELIC, autosomal or pseudoautosomal | D25: Stromme syndrome (MIM#243605) | E25: ENSG00000117724 | F25: HGNC:1857 | G25: Expert Review Green;Victorian Clinical Genetics Services | H25: Yes | I25: CENPF | J25: Ensembl ID | K25: Gold-standard | L25: Yes | M25: Stromme Syndrome | N25: Primary Ciliopathies | O25: basal body; cilia; cytosol; nucleus
A26: CEP104 | B26: Green | C26: BIALLELIC, autosomal or pseudoautosomal | D26: Joubert syndrome 25, MIM# 616781;MONDO:0014770 | E26: ENSG00000116198 | F26: HGNC:24866 | G26: Expert list;Expert Review Green;Victorian Clinical Genetics Services | H26: Yes | I26: CEP104 | J26: Ensembl ID | K26: Gold-standard | L26: Yes | M26: Intellectual Developmental Disorder; Joubert Syndrome | N26: Tissue-restricted Ciliopathies; Primary Ciliopathies | O26: basal body; centrosome; cilia; ciliary tip
A27: CEP120 | B27: Green | C27: BIALLELIC, autosomal or pseudoautosomal | D27: Joubert syndrome 31, MIM# 617761;Short-rib thoracic dysplasia 13 with or without polydactyly, MIM# 616300 | E27: ENSG00000168944 | F27: HGNC:26690 | G27: Expert list;Expert Review Green;Victorian Clinical Genetics Services | H27: Yes | I27: CEP120 | J27: Ensembl ID | K27: Gold-standard | L27: Yes | M27: Hydrolethalus Syndrome; Joubert Syndrome; Short-Rib Thoracic Dysplasia | N27: Primary Ciliopathies | O27: basal body; centrosome
A28: CEP164 | B28: Green | C28: BIALLELIC, autosomal or pseudoautosomal | D28: Bardet-Biedl syndrome;Nephronophthisis 15, MIM# 614845;Oro-facio-digital syndrome | E28: ENSG00000110274 | F28: HGNC:29182 | G28: Expert list;Expert Review Green;Victorian Clinical Genetics Services | H28: Yes | I28: CEP164 | J28: Ensembl ID | K28: Gold-standard | L28: Yes | M28: Joubert Syndrome; Nephronophthisis; Senior-Løken Syndrome | N28: Primary Ciliopathies | O28: basal body; centrosome; cytosol; nucleus
A29: CEP290 | B29: Green | C29: BIALLELIC, autosomal or pseudoautosomal | D29: Bardet-Biedl syndrome 14, MIM# 615991;Joubert syndrome 5 610188;Leber congenital amaurosis 10, MIM# 611755;Meckel syndrome 4, MIM# 611134;Senior-Loken syndrome 6, MIM# 610189 | E29: ENSG00000198707 | F29: HGNC:29021 | G29: Expert Review Green;Victorian Clinical Genetics Services | H29: Yes | I29: CEP290 | J29: Ensembl ID | K29: Gold-standard | L29: Yes | M29: Bardet-Biedl Syndrome; COACH Syndrome; Joubert Syndrome; Leber Congenital Amaurosis; Meckel-Gruber Syndrome; Nephronophthisis; Senior-Løken Syndrome | N29: Primary Ciliopathies; Tissue-restricted Ciliopathies | O29: basal body; centrosome; cytosol; nucleus; transition zone
A30: CEP41 | B30: Green | C30: BIALLELIC, autosomal or pseudoautosomal | D30: Joubert syndrome 15, MIM# 614464 | E30: ENSG00000106477 | F30: HGNC:12370 | G30: Expert Review Green;Victorian Clinical Genetics Services | H30: Yes | I30: CEP41 | J30: Ensembl ID | K30: Gold-standard | L30: Yes | M30: Autism Spectrum Disorder; Joubert Syndrome | N30: Secondary Diseases; Primary Ciliopathies | O30: basal body; centrosome; cytosol
A31: CEP76 | B31: Green | C31: BIALLELIC, autosomal or pseudoautosomal | D31: complex neurodevelopmental disorder MONDO:0100038;Joubert syndrome;Bardet-Biedl syndrome;retinitis pigmentosa | E31: ENSG00000101624 | F31: HGNC:25727 | G31: Expert Review Green;Other | H31: Yes | I31: CEP76 | J31: Ensembl ID | K31: Gold-standard | L31: Yes | M31: Joubert Syndrome | N31: Primary Ciliopathies | O31: centrosome; cilia; cytosol
A32: CEP83 | B32: Green | C32: BIALLELIC, autosomal or pseudoautosomal | D32: Nephronophthisis 18, MIM# 615862;MONDO:0014374;Retinal dystrophy;ID | E32: ENSG00000173588 | F32: HGNC:17966 | G32: Expert Review Green;Victorian Clinical Genetics Services | H32: Yes | I32: CEP83 | J32: Ensembl ID | K32: Gold-standard | L32: Yes | M32: Joubert Syndrome; Nephronophthisis; Orofaciodigital Syndrome; Retinal Dystrophy/Degeneration | N32: Primary Ciliopathies; Tissue-restricted Ciliopathies | O32: basal body; centrosome
A33: CFAP410 | B33: Green | C33: BIALLELIC, autosomal or pseudoautosomal | D33: Spondylometaphyseal dysplasia, axial, MIM# 602271;Retinal dystrophy with macular staphyloma, MIM# 617547 | E33: ENSG00000160226 | F33: HGNC:1260 | G33: Expert Review Green;Victorian Clinical Genetics Services | H33: Yes | I33: CFAP410 | J33: Ensembl ID | K33: Gold-standard | L33: Yes | M33: Cone-Rod Dystrophy; Retinal Dystrophy/Degeneration; Skeletal Ciliopathy; Spondylometaphyseal Dysplasia | N33: Tissue-restricted Ciliopathies | O33: basal body
A34: CFAP418 | B34: Green | C34: BIALLELIC, autosomal or pseudoautosomal | D34: Bardet-Biedl syndrome 21, MIM#617406;Retinitis pigmentosa 64, MIM#614500 | E34: ENSG00000156172 | F34: HGNC:27232 | G34: Expert list;Expert Review Green | H34: Yes | I34: CFAP418 | J34: Ensembl ID | K34: Gold-standard | L34: Yes | M34: Bardet-Biedl Syndrome; Cone-Rod Dystrophy; Retinal Dystrophy/Degeneration | N34: Primary Ciliopathies; Tissue-restricted Ciliopathies | O34: basal body
A35: CILK1 | B35: Green | C35: BIALLELIC, autosomal or pseudoautosomal | D35: Endocrine-cerebroosteodysplasia (MIM#612651);Cranioectodermal dysplasia 6, MIM# 621337 | E35: ENSG00000112144 | F35: HGNC:21219 | G35: Expert Review;Expert Review Green | H35: Yes | I35: CILK1 | J35: Ensembl ID | K35: Gold-standard | L35: Yes | M35: Cranioectodermal Dysplasia (Sensenbrenner); Endocrine-Cerebro-Osteodysplasia Syndrome; Juvenile Myoclonic Epilepsy; Short-Rib Thoracic Dysplasia | N35: Primary Ciliopathies; Tissue-restricted Ciliopathies | O35: cilia tip; primary cilium; basal body; intraflagellar transport
... A37: CPLANE2 | B37: Green | C37: BIALLELIC, autosomal or pseudoautosomal | D37: Ciliopathy, MONDO:0005308, CPLANE2-related | E37: ENSG00000132881 | F37: HGNC:28127 | G37: Expert Review Green;Literature | H37: Yes | I37: CPLANE2 | J37: Ensembl ID | K37: Gold-standard | L37: Yes | M37: Biliary Atresia; Orofaciodigital Syndrome | N37: Tissue-restricted Ciliopathies; Primary Ciliopathies | O37: basal body; transition zone
A38: CRB2 | B38: Green | C38: BIALLELIC, autosomal or pseudoautosomal | D38: Ventriculomegaly with cystic kidney disease, MIM# 219730 | E38: ENSG00000148204 | F38: HGNC:18688 | G38: Expert Review Green;Victorian Clinical Genetics Services | H38: Yes | I38: CRB2 | J38: Ensembl ID | K38: Cilia-associated | L38: No | O38: cilia associated gene
A39: CSPP1 | B39: Green | C39: BIALLELIC, autosomal or pseudoautosomal | D39: Joubert syndrome 21, MIM# 615636;MONDO:0014288 | E39: ENSG00000104218 | F39: HGNC:26193 | G39: Expert Review Green;Victorian Clinical Genetics Services | H39: Yes | I39: CSPP1 | J39: Ensembl ID | K39: Gold-standard | L39: Yes | M39: Joubert Syndrome | N39: Primary Ciliopathies | O39: basal body; centrosome; cilia; microtubules; transition zone
A40: DCDC2 | B40: Green | C40: BIALLELIC, autosomal or pseudoautosomal | D40: Nephronophthisis 19, MIM# 616217 | E40: ENSG00000146038 | F40: HGNC:18141 | G40: Expert Review Green;Victorian Clinical Genetics Services | H40: Yes | I40: DCDC2 | J40: Ensembl ID | K40: Gold-standard | L40: Yes | M40: Neonatal Sclerosing Cholangitis; Nephronophthisis | N40: Tissue-restricted Ciliopathies; Primary Ciliopathies | O40: cilia; microtubules
A41: DDX59 | B41: Green | C41: BIALLELIC, autosomal or pseudoautosomal | D41: Orofaciodigital syndrome V (MIM#174300) | E41: ENSG00000118197 | F41: HGNC:25360 | G41: Expert Review;Expert Review Green;Victorian Clinical Genetics Services | H41: Yes | I41: DDX59 | J41: Ensembl ID | K41: Gold-standard | L41: Yes | M41: Orofaciodigital Syndrome | N41: Primary Ciliopathies | O41: basal body; nucleus | P41: Homozygous DDX59 variants were reported in 2 consanguineous families with OFD (PMID 23972372) and in 2 further unrelated consanguineous families (PMID 28711741).
A42: DHCR7 | B42: Green | C42: BIALLELIC, autosomal or pseudoautosomal | D42: Smith-Lemli-Opitz syndrome (MIM#270400) | E42: ENSG00000172893 | F42: HGNC:2860 | G42: Expert list;Expert Review;Expert Review Green | H42: Yes | I42: DHCR7 | J42: Ensembl ID | K42: Gold-standard | L42: Yes | M42: Holoprosencephaly; Retinal Dystrophy/Degeneration; Smith-Lemli-Opitz Syndrome | N42: Tissue-restricted Ciliopathies; Secondary Diseases | O42: basal body; nucleus
A43: DLG5 | B43: Green | C43: BIALLELIC, autosomal or pseudoautosomal | D43: Yuksel-Vogel-Bauer syndrome, MIM#620703 | E43: ENSG00000151208 | F43: HGNC:2904 | G43: Expert Review Green;Literature | H43: Yes | I43: DLG5 | J43: Ensembl ID | K43: Gold-standard | L43: Yes | M43: Yuksel-Vogel-Bauer Syndrome | N43: Primary Ciliopathies | O43: basal body
A44: DYNC2H1 | B44: Green | C44: BIALLELIC, autosomal or pseudoautosomal | D44: Short-rib thoracic dysplasia 3 with or without polydactyly, MIM# 613091;MONDO:0013127 | E44: ENSG00000187240 | F44: HGNC:2962 | G44: Expert Review Green;Victorian Clinical Genetics Services | H44: Yes | I44: DYNC2H1 | J44: Ensembl ID | K44: Gold-standard | L44: Yes | M44: Cranioectodermal Dysplasia (Sensenbrenner); Ellis-van Creveld Syndrome; Short-Rib Thoracic Dysplasia; Skeletal Ciliopathy | N44: Primary Ciliopathies; Tissue-restricted Ciliopathies | O44: basal body; cytosol; transition zone
A45: DYNC2I1 | B45: Green | C45: BIALLELIC, autosomal or pseudoautosomal | D45: Short-rib thoracic dysplasia 8 with or without polydactyly, MIM# 615503;Retinitis pigmentosa | E45: ENSG00000126870 | F45: HGNC:21862 | G45: Expert Review Green;Victorian Clinical Genetics Services | H45: Yes | I45: DYNC2I1 | J45: Ensembl ID | K45: Gold-standard | L45: Yes | M45: Retinal Dystrophy/Degeneration; Short-Rib Thoracic Dysplasia | N45: Tissue-restricted Ciliopathies; Primary Ciliopathies | O45: basal body; centrosome; cilia
A46: DYNC2I2 | B46: Green | C46: BIALLELIC, autosomal or pseudoautosomal | D46: Short-rib thoracic dysplasia 11 with or without polydactyly, MIM# 615633;Retinitis pigmentosa | E46: ENSG00000119333 | F46: HGNC:28296 | G46: Expert Review Green;Victorian Clinical Genetics Services | H46: Yes | I46: DYNC2I2 | J46: Ensembl ID | K46: Gold-standard | L46: Yes | M46: Cone-Rod Dystrophy; Short-Rib Thoracic Dysplasia | N46: Tissue-restricted Ciliopathies; Primary Ciliopathies | O46: basal body; cilia
A47: DYNC2LI1 | B47: Green | C47: BIALLELIC, autosomal or pseudoautosomal | D47: Short-rib thoracic dysplasia 15 with polydactyly (MIM#617088) | E47: ENSG00000138036 | F47: HGNC:24595 | G47: Expert Review Green;Victorian Clinical Genetics Services | H47: Yes | I47: DYNC2LI1 | J47: Ensembl ID | K47: Gold-standard | L47: Yes | M47: Ellis-van Creveld Syndrome; Short-Rib Thoracic Dysplasia; Skeletal Ciliopathy | N47: Primary Ciliopathies; Tissue-restricted Ciliopathies | O47: basal body; cilia; cytosol
A48: DYNLT2B | B48: Green | C48: BIALLELIC, autosomal or pseudoautosomal | D48: Short-rib thoracic dysplasia 17 with or without polydactyly, MIM# 617405 | E48: ENSG00000213123 | F48: HGNC:28482 | G48: Expert Review Green;Victorian Clinical Genetics Services | H48: Yes | I48: DYNLT2B | J48: Ensembl ID | K48: Gold-standard | L48: Yes | M48: Short-Rib Thoracic Dysplasia | N48: Primary Ciliopathies | O48: basal body; transition zone
A49: EVC | B49: Green | C49: BIALLELIC, autosomal or pseudoautosomal | D49: Ellis-van Creveld syndrome, MIM# 225500 | E49: ENSG00000072840 | F49: HGNC:3497 | G49: Expert Review;Expert Review Green;Victorian Clinical Genetics Services | H49: Yes | I49: EVC | J49: Ensembl ID | K49: Gold-standard | L49: Yes | M49: Ellis-van Creveld Syndrome; Short-Rib Thoracic Dysplasia; Skeletal Ciliopathy; Weyers Acrofacial Dysostosis | N49: Primary Ciliopathies; Tissue-restricted Ciliopathies | O49: basal body; cilia; transition zone
A50: EVC2 | B50: Green | C50: BIALLELIC, autosomal or pseudoautosomal | D50: Ellis-van Creveld syndrome (MIM#225500) | E50: ENSG00000173040 | F50: HGNC:19747 | G50: Expert Review Green;Victorian Clinical Genetics Services | H50: Yes | I50: EVC2 | J50: Ensembl ID | K50: Gold-standard | L50: Yes | M50: Ellis-van Creveld Syndrome; Short-Rib Thoracic Dysplasia; Skeletal Ciliopathy; Weyers Acrofacial Dysostosis | N50: Primary Ciliopathies; Tissue-restricted Ciliopathies | O50: cilia; nucleus
A51: EXOC3L2 | B51: Green | C51: BIALLELIC, autosomal or pseudoautosomal | D51: Brain malformation renal syndrome, MIM# 620943 | E51: ENSG00000283632 | F51: HGNC:30162 | G51: Expert Review Green;Victorian Clinical Genetics Services | H51: Yes | I51: EXOC3L2 | J51: Ensembl ID | K51: Gold-standard | L51: Yes | M51: Dandy-Walker Malformation | N51: Primary Ciliopathies | O51: flagella; golgi apparatus; mid piece; nucleoli; nucleoplasm; vesicles | P51: Homozygous EXOC3L2 variants were reported in 4 individuals from 2 unrelated families with Dandy-Walker malformation or hindbrain anomalies, renal dysplasia and bone marrow failure (PMID 30327448).
A52: FAM149B1 | B52: Green | C52: BIALLELIC, autosomal or pseudoautosomal | D52: Joubert;Ciliopathy | E52: ENSG00000138286 | F52: HGNC:29162 | G52: Expert Review Green;Literature | H52: Yes | I52: FAM149B1 | J52: Ensembl ID | K52: Gold-standard | L52: Yes | M52: Joubert Syndrome; Skeletal Ciliopathy | N52: Primary Ciliopathies; Tissue-restricted Ciliopathies | O52: basal body; cilia
A53: FUZ | B53: Green | C53: BIALLELIC, autosomal or pseudoautosomal | D53: Ciliopathy_MONDO_0005308, FUZ-related;skeletal ciliopathy | E53: ENSG00000010361 | F53: HGNC:26219 | G53: Expert Review Green;Literature | H53: Yes | I53: FUZ | J53: Ensembl ID | K53: Gold-standard | L53: Yes | M53: Joubert Syndrome; Orofaciodigital Syndrome; Short-Rib Thoracic Dysplasia | N53: Primary Ciliopathies | O53: basal body; lysosomes; cilia
A54: GLI3 | B54: Green | C54: MONOALLELIC, autosomal or pseudoautosomal, NOT imprinted | D54: Greig cephalopolysyndactyly syndrome (MIM#175700);Pallister-Hall syndrome (MIM#146510) | E54: ENSG00000106571 | F54: HGNC:4319 | G54: Expert list;Expert Review Green;Victorian Clinical Genetics Services | H54: Yes | I54: GLI3 | J54: Ensembl ID | K54: Gold-standard | L54: Yes | M54: Ellis-van Creveld Syndrome; Greig Cephalopolysyndactyly Syndrome; Pallister-Hall Syndrome; Postaxial Polydactyly | N54: Primary Ciliopathies; Tissue-restricted Ciliopathies | O54: cilia; cytosol; nucleus
A55: GLIS2 | B55: Green | C55: BIALLELIC, autosomal or pseudoautosomal | D55: Nephronophthisis 7, OMIM#611498;MONDO:0012680 | E55: ENSG00000126603 | F55: HGNC:29450 | G55: Expert Review Green;Victorian Clinical Genetics Services | H55: Yes | I55: GLIS2 | J55: Ensembl ID | K55: Gold-standard | L55: Yes | M55: Nephronophthisis | N55: Primary Ciliopathies | O55: basal body; nucleus
A56: GRK2 | B56: Green | C56: BIALLELIC, autosomal or pseudoautosomal | D56: Jeune asphyxiating thoracic dystrophy (ATD), MONDO:0018770 | E56: ENSG00000173020 | F56: HGNC:289 | G56: Expert Review Green;Literature | H56: Yes | I56: GRK2 | J56: Ensembl ID | K56: Gold-standard | L56: Yes | M56: Short-Rib Thoracic Dysplasia; Skeletal Ciliopathy | N56: Primary Ciliopathies; Tissue-restricted Ciliopathies | O56: cilia
A57: HNF1B | B57: Green | C57: MONOALLELIC, autosomal or pseudoautosomal, NOT imprinted | D57: Renal cysts and diabetes syndrome, MIM# 137920 | E57: ENSG00000275410 | F57: HGNC:11630 | G57: Expert Review Green;Victorian Clinical Genetics Services | H57: Yes | I57: HNF1B | J57: Ensembl ID | K57: Cilia-associated | L57: Yes | M57: Autosomal Recessive Polycystic Kidney Disease | N57: Tissue-restricted Ciliopathies | O57: cilia associated gene; nucleus | P57: A de novo heterozygous HNF1B p.P457L variant was reported in one fetus with infantile polycystic kidney disease (PMID 35076921), and a heterozygous whole-gene deletion produced massively enlarged polycystic kidneys mimicking ADPKD in monozygotic twins (PMID 18037103). HNF1B directly regulates Pkhd1, Pkd2 and Umod, and renal inactivation causes PKD in mice (PMID 15029248).
A58: HYLS1 | B58: Green | C58: BIALLELIC, autosomal or pseudoautosomal | D58: Hydrolethalus syndrome (MIM#236680) | E58: ENSG00000198331 | F58: HGNC:26558 | G58: Expert list;Expert Review Green;Victorian Clinical Genetics Services | H58: Yes | I58: HYLS1 | J58: Ensembl ID | K58: Gold-standard | L58: Yes | M58: Hydrolethalus Syndrome; Joubert Syndrome | N58: Primary Ciliopathies | O58: basal body; centrosome; cilia; nucleus
A59: IFT122 | B59: Green | C59: BIALLELIC, autosomal or pseudoautosomal | D59: Cranioectodermal dysplasia 1, MIM# 218330;MONDO:0021093;Beemer-Langer syndrome | E59: ENSG00000163913 | F59: HGNC:13556 | G59: Expert Review Green;Victorian Clinical Genetics Services | H59: Yes | I59: IFT122 | J59: Ensembl ID | K59: Gold-standard | L59: Yes | M59: Cranioectodermal Dysplasia (Sensenbrenner); Skeletal Ciliopathy | N59: Primary Ciliopathies; Tissue-restricted Ciliopathies | O59: basal body; cilia
A60: IFT140 | B60: Green | C60: BOTH monoallelic and biallelic, autosomal or pseudoautosomal | D60: Short-rib thoracic dysplasia 9 with or without polydactyly, MIM# 266920;MONDO:0009964;Retinitis pigmentosa 80, MIM# 617781;Cystic Kidney Disease, MONDO: 0002473, IFT140-associated, dominant;Cranioectodermal dysplasia 5, MIM# 621180 | E60: ENSG00000187535 | F60: HGNC:29077 | G60: Expert Review Green;Victorian Clinical Genetics Services | H60: Yes | I60: IFT140 | J60: Ensembl ID | K60: Gold-standard | L60: Yes | M60: Autosomal Dominant Polycystic Kidney Disease; Cranioectodermal Dysplasia (Sensenbrenner); Leber Congenital Amaurosis; Opitz Trigonocephaly C Syndrome; Retinal Dystrophy/Degeneration; Short-Rib Thoracic Dysplasia; Skeletal Ciliopathy; Male Infertility | N60: Tissue-restricted Ciliopathies; Primary Ciliopathies; Motile Ciliopathies | O60: basal body; centrosome; cilia | P60: Male Infertility: Compound heterozygous IFT140 variants segregating recessively were reported in a single man with oligoasthenoteratozoospermia, with loss of IFT140 from the sperm neck and midpiece (PMID 31397098). | Opitz Trigonocephaly C Syndrome: Compound heterozygous loss-of-function IFT140 variants, inherited one from each parent, were reported in a single infant with Opitz trigonocephaly C syndrome and skeletal ciliopathy features (PMID 27874174).
A61: IFT172 | B61: Green | C61: BIALLELIC, autosomal or pseudoautosomal | D61: Bardet-Biedl syndrome 20, MIM# 619471;Retinitis pigmentosa 71, MIM# 616394;Short-rib thoracic dysplasia 10 with or without polydactyly, MIM# 615630 | E61: ENSG00000138002 | F61: HGNC:30391 | G61: Expert Review Green;Victorian Clinical Genetics Services | H61: Yes | I61: IFT172 | J61: Ensembl ID | K61: Gold-standard | L61: Yes | M61: Bardet-Biedl Syndrome; Joubert Syndrome; Retinal Dystrophy/Degeneration; Short-Rib Thoracic Dysplasia; Skeletal Ciliopathy | N61: Primary Ciliopathies; Tissue-restricted Ciliopathies | O61: basal body; cilia | P61: Joubert Syndrome: Among 12 families with biallelic IFT172 variants and Jeune or Mainzer-Saldino syndrome, 2 had cerebellar aplasia or hypoplasia characteristic of Joubert syndrome (PMID 24140113).
A62: IFT27 | B62: Green | C62: BIALLELIC, autosomal or pseudoautosomal | D62: Bardet-Biedl syndrome 19, MIM#615996 | E62: ENSG00000100360 | F62: HGNC:18626 | G62: Expert list;Expert Review Green | H62: Yes | I62: IFT27 | J62: Ensembl ID | K62: Gold-standard | L62: Yes | M62: Bardet-Biedl Syndrome; Short-Rib Thoracic Dysplasia; Skeletal Ciliopathy; Visceral Heterotaxy / Situs Inversus | N62: Primary Ciliopathies; Tissue-restricted Ciliopathies; Motile Ciliopathies | O62: basal body; centrosome; cilia | P62: Bardet-Biedl Syndrome: IFT27 mutation was identified in a single consanguineous family with BBS, supported by functional validation in zebrafish, and designated BBS19 (PMID 24488770). | Short-Rib Thoracic Dysplasia: Biallelic loss-of-function IFT27 variants were reported in two fetal cases of a lethal ciliopathy with short ribs and polydactyly, described as overlapping short-rib polydactyly and Pallister-Hall syndromes, with mRNA decay and altered ciliogenesis shown in fetal tissues (PMID 39955445). | Skeletal Ciliopathy: Biallelic loss-of-function IFT27 variants were reported in two fetal cases of a lethal ciliopathy with short ribs and polydactyly overlapping short-rib polydactyly syndrome (PMID 39955445). | Visceral Heterotaxy / Situs Inversus: Situs inversus was present in one fetus with biallelic IFT27 loss-of-function variants as part of a syndromic lethal ciliopathy with short ribs, polydactyly and kidney anomalies (PMID 39955445).
A63: IFT43 | B63: Green | C63: BIALLELIC, autosomal or pseudoautosomal | D63: Short-rib thoracic dysplasia 18 with polydactyly, MIM# 617866;Retinitis pigmentosa 81 , MIM#617871;Cranioectodermal dysplasia 3, MIM# 614099 | E63: ENSG00000119650 | F63: HGNC:29669 | G63: Expert Review Green;Victorian Clinical Genetics Services | H63: Yes | I63: IFT43 | J63: Ensembl ID | K63: Gold-standard | L63: Yes | M63: Cranioectodermal Dysplasia (Sensenbrenner); Retinal Dystrophy/Degeneration; Short-Rib Thoracic Dysplasia; Skeletal Ciliopathy | N63: Primary Ciliopathies; Tissue-restricted Ciliopathies | O63: basal body; cilia | P63: Retinal Dystrophy/Degeneration: A homozygous IFT43 missense variant segregated with early onset nonsyndromic retinal degeneration in a four-generation consanguineous Pakistani family, and the mutant protein produced shorter cilia in cultured cells (PMID 28973684). | Short-Rib Thoracic Dysplasia: IFT43 mutations were reported to cause a short rib polydactyly syndrome with distinctive campomelia, with disrupted cilia formation and growth plate abnormalities (PMID 28400947).
A64: IFT52 | B64: Green | C64: BIALLELIC, autosomal or pseudoautosomal | D64: Short-rib thoracic dysplasia 16 with or without polydactyly, MIM# 617102 | E64: ENSG00000101052 | F64: HGNC:15901 | G64: Expert Review Green;Victorian Clinical Genetics Services | H64: Yes | I64: IFT52 | J64: Ensembl ID | K64: Gold-standard | L64: Yes | M64: Cranioectodermal Dysplasia (Sensenbrenner); Leber Congenital Amaurosis; Short-Rib Thoracic Dysplasia; Skeletal Ciliopathy | N64: Primary Ciliopathies; Tissue-restricted Ciliopathies | O64: basal body; centrosome; cilia | P64: Leber Congenital Amaurosis: A homozygous IFT52 missense variant (p.T186A) was found in a single patient with syndromic ciliopathy combining mild SRTD and LCA, absent in unaffected siblings, with in vitro loss of cilia elongation in RPE1 cells (PMID 30242358).
A65: IFT56 | B65: Green | C65: BIALLELIC, autosomal or pseudoautosomal | D65: Biliary, renal, neurologic, and skeletal syndrome, MIM# 619534;Ciliopathy Syndrome with Biliary, Renal, Neurological, and Skeletal Manifestations | E65: ENSG00000105948 | F65: HGNC:21882 | G65: Expert Review Green;Literature | H65: Yes | I65: IFT56 | J65: Ensembl ID | K65: Gold-standard | L65: Yes | M65: BRENS Syndrome | N65: Primary Ciliopathies | O65: basal body; cilia; cilium; transition zone; axoneme
A66: IFT74 | B66: Green | C66: BIALLELIC, autosomal or pseudoautosomal | D66: Bardet-Biedl syndrome 20, MIM# 617119;Joubert syndrome 40, MIM# 619582 | E66: ENSG00000096872 | F66: HGNC:21424 | G66: Expert list;Expert Review Green | H66: Yes | I66: IFT74 | J66: Ensembl ID | K66: Gold-standard | L66: Yes | M66: Bardet-Biedl Syndrome; Joubert Syndrome; Male Infertility; Mucociliary Clearance Disorder; Skeletal Ciliopathy | N66: Primary Ciliopathies; Motile Ciliopathies; Tissue-restricted Ciliopathies | O66: basal body; centrosome; cilia; nucleus | P66: Bardet-Biedl Syndrome: A deletion and a splice site mutation in IFT74, inherited recessively, were reported in one individual with Bardet-Biedl syndrome, defining a candidate BBS locus (PMID 27486776). | Male Infertility: A homozygous IFT74 missense variant (p.Gly86Ser) affecting splicing was identified in two unrelated infertile men with asthenozoospermia and multiple morphological abnormalities of the sperm flagellum, without other ciliopathy features (PMID 33689014). | Mucociliary Clearance Disorder: Homozygous IFT74 exon 2 deletion was reported in two families with ciliary chondrodysplasia and a mucociliary clearance disorder with shortened cilia (PMID 37315079), and in two siblings with primary ciliary dyskinesia features and abnormal motile cilia (PMID 37555648).
A67: IFT80 | B67: Green | C67: BIALLELIC, autosomal or pseudoautosomal | D67: Short-rib thoracic dysplasia 2 with or without polydactyly, MIM# 611263;MONDO:0012644 | E67: ENSG00000068885 | F67: HGNC:29262 | G67: Expert Review Green;Victorian Clinical Genetics Services | H67: Yes | I67: IFT80 | J67: Ensembl ID | K67: Gold-standard | L67: Yes | M67: Short-Rib Thoracic Dysplasia | N67: Primary Ciliopathies | O67: basal body; centrosome; cilia
A68: IFT81 | B68: Green | C68: BIALLELIC, autosomal or pseudoautosomal | D68: Short-rib thoracic dysplasia 19 with or without polydactyly, MIM# 617895 | E68: ENSG00000122970 | F68: HGNC:14313 | G68: Expert Review Green;Victorian Clinical Genetics Services | H68: Yes | I68: IFT81 | J68: Ensembl ID | K68: Gold-standard | L68: Yes | M68: Bardet-Biedl Syndrome; Short-Rib Thoracic Dysplasia | N68: Primary Ciliopathies | O68: basal body; centrosome; cilia | P68: Bardet-Biedl Syndrome: Compound heterozygous IFT81 variants from a patient with skeletal ciliopathy produced BBS-like ciliary defects when expressed in IFT81-knockout cells; no patient with Bardet-Biedl syndrome carrying IFT81 variants is described (PMID 37427975).
A69: INPP5E | B69: Green | C69: BIALLELIC, autosomal or pseudoautosomal | D69: Joubert syndrome 1, MIM# 213300;MONDO:0008944;Mental retardation, truncal obesity, retinal dystrophy, and micropenis, MIM# 610156;MONDO:0012423 | E69: ENSG00000148384 | F69: HGNC:21474 | G69: Expert Review Green;Victorian Clinical Genetics Services | H69: Yes | I69: INPP5E | J69: Ensembl ID | K69: Gold-standard | L69: Yes | M69: Joubert Syndrome; MORM Syndrome | N69: Primary Ciliopathies; Tissue-restricted Ciliopathies | O69: cilia; cytosol
A70: INTS13 | B70: Green | C70: BIALLELIC, autosomal or pseudoautosomal | D70: Oral-facial-digital syndrome, MONDO:0015375, INTS13-related | E70: ENSG00000064102 | F70: HGNC:20174 | G70: Expert Review Green;Literature | H70: Yes | I70: INTS13 | J70: Ensembl ID | K70: Cilia-associated | L70: No | O70: cilia associated gene
A71: INTU | B71: Green | C71: BIALLELIC, autosomal or pseudoautosomal | D71: INTU-related skeletal ciliopathy, MONDO:1060154 | E71: ENSG00000164066 | F71: HGNC:29239 | G71: Expert Review Green;Literature | H71: Yes | I71: INTU | J71: Ensembl ID | K71: Gold-standard | L71: Yes | M71: Orofaciodigital Syndrome; Short-Rib Thoracic Dysplasia | N71: Primary Ciliopathies | O71: basal body; cilia
A72: INVS | B72: Green | C72: BIALLELIC, autosomal or pseudoautosomal | D72: Nephronophthisis 2, infantile, (MIM#602088) | E72: ENSG00000119509 | F72: HGNC:17870 | G72: Expert Review Green;Victorian Clinical Genetics Services | H72: Yes | I72: INVS | J72: Ensembl ID | K72: Gold-standard | L72: Yes | M72: Caroli Disease; Nephronophthisis | N72: Tissue-restricted Ciliopathies; Primary Ciliopathies | O72: basal body; nucleus
A73: IQCB1 | B73: Green | C73: BIALLELIC, autosomal or pseudoautosomal | D73: Senior-Loken syndrome 5, MIM# 609254;MONDO:0012225 | E73: ENSG00000173226 | F73: HGNC:28949 | G73: Expert Review Green;Victorian Clinical Genetics Services | H73: Yes | I73: IQCB1 | J73: Ensembl ID | K73: Gold-standard | L73: Yes | M73: Leber Congenital Amaurosis; Senior-Løken Syndrome | N73: Tissue-restricted Ciliopathies; Primary Ciliopathies | O73: basal body; centrosome; cilia; nucleus
A74: IQCE | B74: Green | C74: BIALLELIC, autosomal or pseudoautosomal | D74: Polydactyly, postaxial, type A7 MIM#617642 | E74: ENSG00000106012 | F74: HGNC:29171 | G74: Expert Review Green;Literature | H74: Yes | I74: IQCE | J74: Ensembl ID | K74: Gold-standard | L74: Yes | M74: Postaxial Polydactyly | N74: Tissue-restricted Ciliopathies | O74: cilia; flagella
A75: KIAA0586 | B75: Green | C75: BIALLELIC, autosomal or pseudoautosomal | D75: Joubert syndrome 23 616490;Short-rib thoracic dysplasia 14 with polydactyly 616546 | E75: ENSG00000100578 | F75: HGNC:19960 | G75: Expert Review Green;Literature;Victorian Clinical Genetics Services | H75: Yes | I75: KIAA0586 | J75: Ensembl ID | K75: Gold-standard | L75: Yes | M75: Hydrolethalus Syndrome; Joubert Syndrome; Short-Rib Thoracic Dysplasia | N75: Primary Ciliopathies | O75: basal body; centrosome
A76: KIAA0753 | B76: Green | C76: BIALLELIC, autosomal or pseudoautosomal | D76: Orofaciodigital syndrome XV 617127;Joubert syndrome 38, MIM# 619476;Short-rib thoracic dysplasia 21 without polydactyly, MIM# 619479 | E76: ENSG00000198920 | F76: HGNC:29110 | G76: Expert list;Expert Review Green;Victorian Clinical Genetics Services | H76: Yes | I76: KIAA0753 | J76: Ensembl ID | K76: Gold-standard | L76: Yes | M76: Joubert Syndrome; Orofaciodigital Syndrome; Short-Rib Thoracic Dysplasia; Skeletal Ciliopathy | N76: Primary Ciliopathies; Tissue-restricted Ciliopathies | O76: basal body; centrosome; cilia
A77: KIF7 | B77: Green | C77: BIALLELIC, autosomal or pseudoautosomal | D77: Joubert syndrome 12, MIM# 200990;Acrocallosal syndrome, MIM# 200990;MONDO:0008708;Hydrolethalus syndrome 2, MIM# 614120 | E77: ENSG00000166813 | F77: HGNC:30497 | G77: Expert Review Green;Victorian Clinical Genetics Services | H77: Yes | I77: KIF7 | J77: Ensembl ID | K77: Gold-standard | L77: Yes | M77: Acrocallosal Syndrome; Hydrolethalus Syndrome; Joubert Syndrome; Orofaciodigital Syndrome | N77: Primary Ciliopathies | O77: cilia
A78: LBR | B78: Green | C78: BIALLELIC, autosomal or pseudoautosomal | D78: Greenberg skeletal dysplasia, MIM#215140 | E78: ENSG00000143815 | F78: HGNC:6518 | G78: Expert list;Expert Review Green;Victorian Clinical Genetics Services | H78: Yes | I78: LBR | J78: Ensembl ID | K78: Cilia-associated | L78: Yes | M78: Spondylometaphyseal Dysplasia | N78: Tissue-restricted Ciliopathies | O78: cilia associated gene; nuclear membrane; nucleoli fibrillar center
A79: LZTFL1 | B79: Green | C79: BIALLELIC, autosomal or pseudoautosomal | D79: Bardet-Biedl syndrome 17 (MIM#615994) | E79: ENSG00000163818 | F79: HGNC:6741 | G79: Expert Review Green;Victorian Clinical Genetics Services | H79: Yes | I79: LZTFL1 | J79: Ensembl ID | K79: Gold-standard | L79: Yes | M79: Bardet-Biedl Syndrome | N79: Primary Ciliopathies | O79: cilia; transition zone
A80: MAPKBP1 | B80: Green | C80: BIALLELIC, autosomal or pseudoautosomal | D80: Nephronophthisis 20, MIM# 617271;MONDO:0014997 | E80: ENSG00000137802 | F80: HGNC:29536 | G80: Expert Review Green;Victorian Clinical Genetics Services | H80: Yes | I80: MAPKBP1 | J80: Ensembl ID | K80: Gold-standard | L80: Yes | M80: Nephronophthisis | N80: Primary Ciliopathies | O80: basal body
A81: MKKS | B81: Green | C81: BIALLELIC, autosomal or pseudoautosomal | D81: Ciliopathy, MONDO:0005308, MKKS-related;Bardet-Biedl syndrome 6 (MIM#605231);McKusick-Kaufman syndrome, MIM# 236700;Retinitis pigmentosa | E81: ENSG00000125863 | F81: HGNC:7108 | G81: Expert Review Green;Victorian Clinical Genetics Services | H81: Yes | I81: MKKS | J81: Ensembl ID | K81: Gold-standard | L81: Yes | M81: Bardet-Biedl Syndrome; McKusick-Kaufman Syndrome | N81: Primary Ciliopathies | O81: basal body; centrosome; cytosol; transition zone
A82: MKS1 | B82: Green | C82: BIALLELIC, autosomal or pseudoautosomal | D82: Joubert syndrome 28, MIM# 617121;MONDO:0014928;Meckel syndrome 1, MIM# 249000;MONDO:0009571;Bardet-Biedl syndrome 13, MIM# 615990;MONDO:0014441 | E82: ENSG00000011143 | F82: HGNC:7121 | G82: Expert Review Green;Victorian Clinical Genetics Services | H82: Yes | I82: MKS1 | J82: Ensembl ID | K82: Gold-standard | L82: Yes | M82: Bardet-Biedl Syndrome; Joubert Syndrome; Meckel-Gruber Syndrome | N82: Primary Ciliopathies | O82: centrosome; cilia
... A89: PDE6D | B89: Green | C89: BIALLELIC, autosomal or pseudoautosomal | D89: Joubert syndrome 22, OMIM #615665 | E89: ENSG00000156973 | F89: HGNC:8788 | G89: Expert Review Green;Victorian Clinical Genetics Services | H89: Yes | I89: PDE6D | J89: Ensembl ID | K89: Gold-standard | L89: Yes | M89: Joubert Syndrome | N89: Primary Ciliopathies | O89: cilia; cytosol
A90: PDIA6 | B90: Green | C90: BIALLELIC, autosomal or pseudoautosomal | D90: multiple congenital anomalies, MONDO:0019042, PDIA6-related | E90: ENSG00000143870 | F90: HGNC:30168 | G90: Expert Review;Expert Review Green | H90: Yes | I90: PDIA6 | J90: Ensembl ID | K90: Gold-standard | L90: No | O90: basal body; centriolar satellites; cilia; endoplasmic reticulum
A91: PIBF1 | B91: Green | C91: BIALLELIC, autosomal or pseudoautosomal | D91: Joubert syndrome 33, OMIM #617767 | E91: ENSG00000083535 | F91: HGNC:23352 | G91: Expert Review;Expert Review Green | H91: Yes | I91: PIBF1 | J91: Ensembl ID | K91: Gold-standard | L91: Yes | M91: Joubert Syndrome | N91: Primary Ciliopathies | O91: basal body; centrosome
A92: PIK3C2A | B92: Green | C92: BIALLELIC, autosomal or pseudoautosomal | D92: Oculoskeletodental syndrome 618440 | E92: ENSG00000011405 | F92: HGNC:8971 | G92: Expert list;Expert Review Green | H92: Yes | I92: PIK3C2A | J92: Ensembl ID | K92: Gold-standard | L92: Yes | M92: Oculoskeletodental Syndrome | N92: Primary Ciliopathies | O92: basal body; cilia; cytosol; endosome; nucleus
A93: PKHD1 | B93: Green | C93: BIALLELIC, autosomal or pseudoautosomal | D93: Polycystic kidney disease 4, with or without hepatic disease, MIM# 263200 | E93: ENSG00000170927 | F93: HGNC:9016 | G93: Expert Review Green;Victorian Clinical Genetics Services | H93: Yes | I93: PKHD1 | J93: Ensembl ID | K93: Gold-standard | L93: Yes | M93: Autosomal Recessive Polycystic Kidney Disease; Caroli Disease; Renal-hepatic-pancreatic Dysplasia | N93: Tissue-restricted Ciliopathies; Primary Ciliopathies | O93: basal body; centrosome
A94: POC1B | B94: Green | C94: BIALLELIC, autosomal or pseudoautosomal | D94: Cone-rod dystrophy 20 (MIM#615973) | E94: ENSG00000139323 | F94: HGNC:30836 | G94: Expert list;Expert Review Green;Expert Review Red;Victorian Clinical Genetics Services | H94: Yes | I94: POC1B | J94: Ensembl ID | K94: Gold-standard | L94: Yes | M94: Cone-Rod Dystrophy | N94: Tissue-restricted Ciliopathies | O94: basal body; centrosome
A95: POC5 | B95: Green | C95: BIALLELIC, autosomal or pseudoautosomal | D95: Ciliopathy, MONDO:0005308, POC5-related | E95: ENSG00000152359 | F95: HGNC:26658 | G95: Expert Review Green;Literature | H95: Yes | I95: POC5 | J95: Ensembl ID | K95: Gold-standard | L95: Yes | M95: Retinal Dystrophy/Degeneration | N95: Tissue-restricted Ciliopathies | O95: basal body; centrosome
A96: PRKACA | B96: Green | C96: MONOALLELIC, autosomal or pseudoautosomal, NOT imprinted | D96: Cardioacrofacial dysplasia 1, MONDO:0030876 | E96: ENSG00000072062 | F96: HGNC:9380 | G96: Expert Review Green;Literature | H96: Yes | I96: PRKACA | J96: Ensembl ID | K96: Gold-standard | L96: Yes | M96: Cardioacrofacial Dysplasia 1; Ellis-van Creveld Syndrome; Skeletal Ciliopathy | N96: Primary Ciliopathies; Tissue-restricted Ciliopathies | O96: basal body; centrosome; cilia; cytosol; mitochondria; nucleus; ciliary tip
A97: PRKACB | B97: Green | C97: MONOALLELIC, autosomal or pseudoautosomal, NOT imprinted | D97: Cardioacrofacial dysplasia 2, MONDO:0030877 | E97: ENSG00000142875 | F97: HGNC:9381 | G97: Expert Review Green;Literature | H97: Yes | I97: PRKACB | J97: Ensembl ID | K97: Gold-standard | L97: Yes | M97: Cardioacrofacial Dysplasia 2; Ellis-van Creveld Syndrome | N97: Primary Ciliopathies | O97: basal body; centrosome; cilia; cytosol; nucleus
A98: PSKH1 | B98: Green | C98: BIALLELIC, autosomal or pseudoautosomal | D98: Cholestasis, progressive familial intrahepatic, 13, MIM# 620962 | E98: ENSG00000159792 | F98: HGNC:9529 | G98: Expert Review Green;Literature | H98: Yes | I98: PSKH1 | J98: Ensembl ID | K98: Gold-standard | L98: Yes | M98: Progressive Familial Intrahepatic Cholestasis | N98: Tissue-restricted Ciliopathies | O98: cilia; nucleus
A99: RAB34 | B99: Green | C99: BIALLELIC, autosomal or pseudoautosomal | D99: Orofaciodigital syndrome 20, MIM#620718 | E99: ENSG00000109113 | F99: HGNC:16519 | G99: Expert Review Green;Literature | H99: Yes | I99: RAB34 | J99: Ensembl ID | K99: Gold-standard | L99: Yes | M99: Orofaciodigital Syndrome; Skeletal Ciliopathy | N99: Primary Ciliopathies; Tissue-restricted Ciliopathies | O99: basal body; cilia; endosome
A100: RPGR | B100: Green | C100: X-LINKED: hemizygous mutation in males, biallelic mutations in females | D100: Retinitis pigmentosa 3 (MIM#300029) | E100: ENSG00000156313 | F100: HGNC:10295 | G100: Expert Review Green;Victorian Clinical Genetics Services | H100: Yes | I100: RPGR | J100: Ensembl ID | K100: Gold-standard | L100: Yes | M100: Cone-Rod Dystrophy; Retinal Dystrophy/Degeneration | N100: Tissue-restricted Ciliopathies | O100: basal body; centrosome; cilia
A101: RPGRIP1 | B101: Green | C101: BIALLELIC, autosomal or pseudoautosomal | D101: Leber congenital amaurosis 6 (MIM#613826) | E101: ENSG00000092200 | F101: HGNC:13436 | G101: Expert Review;Expert Review Green | H101: Yes | I101: RPGRIP1 | J101: Ensembl ID | K101: Gold-standard | L101: Yes | M101: Cone-Rod Dystrophy; Leber Congenital Amaurosis | N101: Tissue-restricted Ciliopathies | O101: basal body; cilia; transition zone
A102: RPGRIP1L | B102: Green | C102: BIALLELIC, autosomal or pseudoautosomal | D102: Joubert syndrome 7, MIM# 611560;Meckel syndrome 5, MIM# 611561;COACH syndrome 3, MIM# 619113;Nephronophthisis | E102: ENSG00000103494 | F102: HGNC:29168 | G102: Expert Review Green;Victorian Clinical Genetics Services | H102: Yes | I102: RPGRIP1L | J102: Ensembl ID | K102: Gold-standard | L102: Yes | M102: COACH Syndrome; Joubert Syndrome; Meckel-Gruber Syndrome | N102: Primary Ciliopathies | O102: basal body; centrosome; cilia
... A120: TOGARAM1 | B120: Green | C120: BIALLELIC, autosomal or pseudoautosomal | D120: Joubert syndrome 37, MIM# 619185 | E120: ENSG00000198718 | F120: HGNC:19959 | G120: Expert Review Green;Literature | H120: Yes | I120: TOGARAM1 | J120: Ensembl ID | K120: Gold-standard | L120: Yes | M120: Joubert Syndrome; Neural tube defects with ciliary dysfunction | N120: Primary Ciliopathies | O120: basal body; cilia
A121: TRAF3IP1 | B121: Green | C121: BIALLELIC, autosomal or pseudoautosomal | D121: Senior-Loken syndrome 9, MIM# 616629;MONDO:0014712 | E121: ENSG00000204104 | F121: HGNC:17861 | G121: Expert Review Green;Victorian Clinical Genetics Services | H121: Yes | I121: IFT54 | J121: Ensembl ID | K121: Gold-standard | L121: Yes | O121: basal body; centrosome
A122: TTC21B | B122: Green | C122: BIALLELIC, autosomal or pseudoautosomal | D122: Nephronophthisis 12, MIM# 613820;Short-rib thoracic dysplasia 4 with or without polydactyly, MIM# 613819;Joubert syndrome | E122: ENSG00000123607 | F122: HGNC:25660 | G122: Expert Review Green;Victorian Clinical Genetics Services | H122: Yes | I122: TTC21B | J122: Ensembl ID | K122: Gold-standard | L122: Yes | M122: Bardet-Biedl Syndrome; Bilateral Polycystic Kidney Disease; Joubert Syndrome; Nephronophthisis; Short-Rib Thoracic Dysplasia; Skeletal Ciliopathy | N122: Primary Ciliopathies; Tissue-restricted Ciliopathies | O122: cilia; nucleus | P122: Bardet-Biedl Syndrome: A truncating TTC21B variant was found as a third allele in a patient with BBS and homozygous BBS2 variants (PMID 38671463), and TTC21B contributes modifying alleles across ciliopathies (PMID 21258341). A BBS registry study refers to TTC21B as a new candidate BBS gene associated with kidney failure (PMID 35112343). | Bilateral Polycystic Kidney Disease: Compound heterozygous TTC21B missense variants were reported in a single Japanese boy with end-stage renal disease due to medullary polycystic kidney disease and focal segmental glomerulosclerosis (PMID 32238723).
A123: TTC8 | B123: Green | C123: BIALLELIC, autosomal or pseudoautosomal | D123: Bardet-Biedl syndrome 8, MIM# 615985 | E123: ENSG00000165533 | F123: HGNC:20087 | G123: Expert Review Green;Victorian Clinical Genetics Services | H123: Yes | I123: TTC8 | J123: Ensembl ID | K123: Gold-standard | L123: Yes | M123: Bardet-Biedl Syndrome; Retinal Dystrophy/Degeneration | N123: Primary Ciliopathies; Tissue-restricted Ciliopathies | O123: basal body; centrosome; flagella
A124: TULP1 | B124: Green | C124: BIALLELIC, autosomal or pseudoautosomal | D124: Retinitis pigmentosa 14 M(MIM#600132) | E124: ENSG00000112041 | F124: HGNC:12423 | G124: Expert Review;Expert Review Green | H124: Yes | I124: TULP1 | J124: Ensembl ID | K124: Gold-standard | L124: Yes | M124: Leber Congenital Amaurosis; Retinal Dystrophy/Degeneration | N124: Tissue-restricted Ciliopathies | O124: cilia
...

Sheet Ciliary Dyskinesia
A1: Gene symbol (panel) | B1: PanelApp rating | C1: Mode of inheritance | D1: Phenotypes (panel) | E1: Ensembl ID GRCh38 (panel) | F1: HGNC ID (panel) | G1: Panel sources | H1: In CiliaHub | I1: CiliaHub gene | J1: Match method | K1: CiliaHub category | L1: In ciliopathy module | M1: CiliaHub ciliopathies | N1: CiliaHub ciliopathy classification | O1: CiliaHub localization | P1: Note
A2: AGR2 | B2: Green | C2: BIALLELIC, autosomal or pseudoautosomal | D2: Recurrent respiratory infections and failure to thrive with or without diarrhea (RIFTD), MIM#620233 | E2: ENSG00000106541 | F2: HGNC:328 | G2: Expert Review Green;Literature | H2: No | J2: Not found | K2: Not in CiliaHub | L2: No
A3: CCDC39 | B3: Green | C3: BIALLELIC, autosomal or pseudoautosomal | D3: Ciliary dyskinesia, primary, 14, MIM# 613807 | E3: ENSG00000284862 | F3: HGNC:25244 | G3: Expert Review Green;Victorian Clinical Genetics Services | H3: Yes | I3: CCDC39 | J3: Ensembl ID | K3: Gold-standard | L3: Yes | M3: Mucociliary Clearance Disorder; Primary Ciliary Dyskinesia | N3: Motile Ciliopathies | O3: cilia
A4: CCDC40 | B4: Green | C4: BIALLELIC, autosomal or pseudoautosomal | D4: Ciliary dyskinesia, primary, 15, MIM#613808 | E4: ENSG00000141519 | F4: HGNC:26090 | G4: Expert Review Green;Victorian Clinical Genetics Services | H4: Yes | I4: CCDC40 | J4: Ensembl ID | K4: Gold-standard | L4: Yes | M4: Primary Ciliary Dyskinesia | N4: Motile Ciliopathies | O4: cilia; microtubules
A5: CCNO | B5: Green | C5: BIALLELIC, autosomal or pseudoautosomal | D5: Ciliary dyskinesia, primary, 29, MIM# 615872 | E5: ENSG00000152669 | F5: HGNC:18576 | G5: Expert Review Green;Victorian Clinical Genetics Services | H5: Yes | I5: CCNO | J5: Ensembl ID | K5: Gold-standard | L5: Yes | M5: Mucociliary Clearance Disorder; Primary Ciliary Dyskinesia | N5: Motile Ciliopathies | O5: basal body; nucleus
A6: CFAP221 | B6: Green | C6: BIALLELIC, autosomal or pseudoautosomal | D6: Ciliary dyskinesia, primary, 55, MIM# 279000 | E6: ENSG00000163075 | F6: HGNC:33720 | G6: Expert Review Green;Literature | H6: Yes | I6: CFAP221 | J6: Ensembl ID | K6: Gold-standard | L6: Yes | M6: Primary Ciliary Dyskinesia | N6: Motile Ciliopathies | O6: cilia
A7: CFAP298 | B7: Green | C7: BIALLELIC, autosomal or pseudoautosomal | D7: Ciliary dyskinesia, primary, 26, MIM# 615500 | E7: ENSG00000159079 | F7: HGNC:1301 | G7: Expert Review Green;Victorian Clinical Genetics Services | H7: Yes | I7: CFAP298 | J7: Ensembl ID | K7: Gold-standard | L7: Yes | M7: Primary Ciliary Dyskinesia | N7: Motile Ciliopathies | O7: basal body; cilia; transition zone
A8: CFAP300 | B8: Green | C8: BIALLELIC, autosomal or pseudoautosomal | D8: Ciliary dyskinesia, primary, 38 618063 | E8: ENSG00000137691 | F8: HGNC:28188 | G8: Expert list;Expert Review Green | H8: Yes | I8: CFAP300 | J8: Ensembl ID | K8: Gold-standard | L8: Yes | M8: Male Infertility; Primary Ciliary Dyskinesia | N8: Motile Ciliopathies | O8: cilia
A9: CFAP53 | B9: Green | C9: BIALLELIC, autosomal or pseudoautosomal | D9: Heterotaxy, visceral, 6, autosomal recessive 614779 | E9: ENSG00000172361 | F9: HGNC:26530 | G9: Expert Review Green;Literature | H9: Yes | I9: CFAP53 | J9: Ensembl ID | K9: Gold-standard | L9: Yes | M9: Visceral Heterotaxy / Situs Inversus | N9: Motile Ciliopathies | O9: basal body
A10: CFAP54 | B10: Green | C10: BIALLELIC, autosomal or pseudoautosomal | D10: Spermatogenic failure 98, MIM# 621124;Ciliary dyskinesia, primary, 54, MIM# 621125 | E10: ENSG00000188596 | F10: HGNC:26456 | G10: Expert Review Green;Literature | H10: Yes | I10: CFAP54 | J10: Ensembl ID | K10: Gold-standard | L10: Yes | M10: Primary Ciliary Dyskinesia | N10: Motile Ciliopathies | O10: cilia
A11: CFAP74 | B11: Green | C11: BIALLELIC, autosomal or pseudoautosomal | D11: ciliary dyskinesia, primary, 49, without situs inversus MONDO:0859353 | E11: ENSG00000142609 | F11: HGNC:29368 | G11: Expert Review Green;Literature | H11: Yes | I11: CFAP74 | J11: Ensembl ID | K11: Gold-standard | L11: Yes | M11: Primary Ciliary Dyskinesia | N11: Motile Ciliopathies | O11: cilia
A12: CFTR | B12: Green | C12: BIALLELIC, autosomal or pseudoautosomal | D12: Cystic fibrosis;bronchiectasis | E12: ENSG00000001626 | F12: HGNC:1884 | G12: Expert list;Expert Review Green | H12: Yes | I12: CFTR | J12: Ensembl ID | K12: Gold-standard | L12: No | O12: cilia; endosome; microtubules
A13: CLXN | B13: Green | C13: BIALLELIC, autosomal or pseudoautosomal | D13: Ciliary dyskinesia, primary, 53, MIM# 620642 | E13: ENSG00000034239 | F13: HGNC:25678 | G13: Expert Review Green;Literature | H13: Yes | I13: CLXN | J13: Ensembl ID | K13: Gold-standard | L13: Yes | M13: Primary Ciliary Dyskinesia | N13: Motile Ciliopathies | O13: cilia
A14: DAW1 | B14: Green | C14: BIALLELIC, autosomal or pseudoautosomal | D14: Primary ciliary dyskinesia, with or without heterotaxy, MIM#620570 | E14: ENSG00000123977 | F14: HGNC:26383 | G14: Expert Review Green;Literature | H14: Yes | I14: DAW1 | J14: Ensembl ID | K14: Gold-standard | L14: Yes | M14: Primary Ciliary Dyskinesia; Visceral Heterotaxy / Situs Inversus | N14: Motile Ciliopathies | O14: basal body; flagella | P14: Compound heterozygous DAW1 variants were reported in a single proband with heterotaxy spectrum and complex congenital heart disease without PCD, with functional support from Xenopus (PMID 42773161).
A15: DNAAF1 | B15: Green | C15: BIALLELIC, autosomal or pseudoautosomal | D15: Ciliary dyskinesia, primary, 13, MIM# 613193 | E15: ENSG00000154099 | F15: HGNC:30539 | G15: Expert Review Green;Victorian Clinical Genetics Services | H15: Yes | I15: DNAAF1 | J15: Ensembl ID | K15: Gold-standard | L15: Yes | M15: Primary Ciliary Dyskinesia | N15: Motile Ciliopathies | O15: basal body; cilia; nucleus
A16: DNAAF11 | B16: Green | C16: BIALLELIC, autosomal or pseudoautosomal | D16: Ciliary dyskinesia, primary, 19, MIM# 614935 | E16: ENSG00000129295 | F16: HGNC:16725 | G16: Expert Review Green;Victorian Clinical Genetics Services | H16: Yes | I16: DNAAF11 | J16: Ensembl ID | K16: Gold-standard | L16: Yes | M16: Male Infertility; Primary Ciliary Dyskinesia | N16: Motile Ciliopathies | O16: flagella; cilia; cytosol
A17: DNAAF19 | B17: Green | C17: BIALLELIC, autosomal or pseudoautosomal | D17: Ciliary dyskinesia, primary, 17, MIM# 614679 | E17: ENSG00000167131 | F17: HGNC:32700 | G17: Expert Review Green;Victorian Clinical Genetics Services | H17: Yes | I17: DNAAF19 | J17: Ensembl ID | K17: Gold-standard | L17: Yes | M17: Primary Ciliary Dyskinesia | N17: Motile Ciliopathies | O17: cilia
A18: DNAAF2 | B18: Green | C18: BIALLELIC, autosomal or pseudoautosomal | D18: Ciliary dyskinesia, primary, 10, MIM# 612518 | E18: ENSG00000165506 | F18: HGNC:20188 | G18: Expert Review Green;Victorian Clinical Genetics Services | H18: Yes | I18: DNAAF2 | J18: Ensembl ID | K18: Gold-standard | L18: Yes | M18: Primary Ciliary Dyskinesia | N18: Motile Ciliopathies | O18: basal body
A19: DNAAF3 | B19: Green | C19: BIALLELIC, autosomal or pseudoautosomal | D19: Ciliary dyskinesia, primary, 2, MIM# 606763 | E19: ENSG00000167646 | F19: HGNC:30492 | G19: Expert Review Green;Victorian Clinical Genetics Services | H19: Yes | I19: DNAAF3 | J19: Ensembl ID | K19: Cilia-associated | L19: Yes | M19: Primary Ciliary Dyskinesia | N19: Motile Ciliopathies | O19: cilia associated gene
A20: DNAAF4 | B20: Green | C20: BIALLELIC, autosomal or pseudoautosomal | D20: Ciliary dyskinesia, primary, 25, MIM# 615482 | E20: ENSG00000256061 | F20: HGNC:21493 | G20: Expert Review Green;Victorian Clinical Genetics Services | H20: Yes | I20: DNAAF4 | J20: Ensembl ID | K20: Gold-standard | L20: Yes | M20: Primary Ciliary Dyskinesia | N20: Motile Ciliopathies | O20: basal body
A21: DNAAF5 | B21: Green | C21: BIALLELIC, autosomal or pseudoautosomal | D21: Ciliary dyskinesia, primary, 18, MIM# 614874 | E21: ENSG00000164818 | F21: HGNC:26013 | G21: Expert Review Green;Victorian Clinical Genetics Services | H21: Yes | I21: DNAAF5 | J21: Ensembl ID | K21: Cilia-associated | L21: Yes | M21: Primary Ciliary Dyskinesia | N21: Motile Ciliopathies | O21: cilia associated gene
A22: DNAAF6 | B22: Green | C22: X-LINKED: hemizygous mutation in males, biallelic mutations in females | D22: Ciliary dyskinesia, primary, 36, X-linked (MIM#300991) | E22: ENSG00000080572 | F22: HGNC:28570 | G22: Expert Review Green;Victorian Clinical Genetics Services | H22: Yes | I22: DNAAF6 | J22: Ensembl ID | K22: Gold-standard | L22: Yes | M22: Primary Ciliary Dyskinesia | N22: Motile Ciliopathies | O22: basal body; cilia
A23: DNAH11 | B23: Green | C23: BIALLELIC, autosomal or pseudoautosomal | D23: Ciliary dyskinesia, primary, 7, with or without situs inversus, MIM#611884 | E23: ENSG00000105877 | F23: HGNC:2942 | G23: Expert Review Green;Victorian Clinical Genetics Services | H23: Yes | I23: DNAH11 | J23: Ensembl ID | K23: Gold-standard | L23: Yes | M23: Primary Ciliary Dyskinesia; Visceral Heterotaxy / Situs Inversus | N23: Motile Ciliopathies | O23: cilia; flagella; microtubules
A24: DNAH17 | B24: Green | C24: BIALLELIC, autosomal or pseudoautosomal | D24: spermatogenic failure 39 (MONDO:0032845) | E24: ENSG00000187775 | F24: HGNC:2946 | G24: Expert Review Green;Other | H24: Yes | I24: DNAH17 | J24: Ensembl ID | K24: Gold-standard | L24: Yes | M24: Male Infertility | N24: Motile Ciliopathies | O24: cilia | P24: Biallelic DNAH17 variants were reported in five men with isolated asthenozoospermia and sperm ODA loss, with loss of DNAH17 protein shown in two unrelated individuals (PMID 31178125). A homozygous missense variant cosegregated with asthenozoospermia in three brothers of a consanguineous family and was recapitulated in knock-in mice (PMID 31658987).
A25: DNAH5 | B25: Green | C25: BIALLELIC, autosomal or pseudoautosomal | D25: Ciliary dyskinesia, primary, 3, with or without situs inversus (MIM #608644) | E25: ENSG00000039139 | F25: HGNC:2950 | G25: Expert Review Green;Victorian Clinical Genetics Services | H25: Yes | I25: DNAH5 | J25: Ensembl ID | K25: Gold-standard | L25: Yes | M25: Mucociliary Clearance Disorder; Primary Ciliary Dyskinesia; Visceral Heterotaxy / Situs Inversus | N25: Motile Ciliopathies | O25: cilia
A26: DNAH7 | B26: Green | C26: BIALLELIC, autosomal or pseudoautosomal | D26: Primary ciliary dyskinesia, MONDO:0016575, DNAH7-related | E26: ENSG00000118997 | F26: HGNC:18661 | G26: Expert Review Green;Literature | H26: Yes | I26: DNAH7 | J26: Ensembl ID | K26: Gold-standard | L26: Yes | M26: Primary Ciliary Dyskinesia | N26: Motile Ciliopathies | O26: cilia; flagella
A27: DNAH9 | B27: Green | C27: BIALLELIC, autosomal or pseudoautosomal | D27: Ciliary dyskinesia, primary, 40, MIM# 618300 | E27: ENSG00000007174 | F27: HGNC:2953 | G27: Expert Review Green;Victorian Clinical Genetics Services | H27: Yes | I27: DNAH9 | J27: Ensembl ID | K27: Gold-standard | L27: Yes | M27: Primary Ciliary Dyskinesia | N27: Motile Ciliopathies | O27: cilia
A28: DNAI1 | B28: Green | C28: BIALLELIC, autosomal or pseudoautosomal | D28: Ciliary dyskinesia, primary, 1, with or without situs inversus, MIM# 244400 | E28: ENSG00000122735 | F28: HGNC:2954 | G28: Expert Review Green;Victorian Clinical Genetics Services | H28: Yes | I28: DNAI1 | J28: Ensembl ID | K28: Gold-standard | L28: Yes | M28: Primary Ciliary Dyskinesia; Visceral Heterotaxy / Situs Inversus | N28: Motile Ciliopathies | O28: cilia
A29: DNAI2 | B29: Green | C29: BIALLELIC, autosomal or pseudoautosomal | D29: Ciliary dyskinesia, primary, 9, with or without situs inversus, MIM# 612444 | E29: ENSG00000171595 | F29: HGNC:18744 | G29: Expert Review Green;Victorian Clinical Genetics Services | H29: Yes | I29: DNAI2 | J29: Ensembl ID | K29: Gold-standard | L29: Yes | M29: Primary Ciliary Dyskinesia | N29: Motile Ciliopathies | O29: cilia; flagella
A30: DNAJB13 | B30: Green | C30: BIALLELIC, autosomal or pseudoautosomal | D30: Ciliary dyskinesia, primary, 34 617091 | E30: ENSG00000187726 | F30: HGNC:30718 | G30: Expert Review Green;Literature | H30: Yes | I30: DNAJB13 | J30: Ensembl ID | K30: Gold-standard | L30: Yes | M30: Primary Ciliary Dyskinesia | N30: Motile Ciliopathies | O30: basal body; cilia
A31: DRC1 | B31: Green | C31: BIALLELIC, autosomal or pseudoautosomal | D31: Ciliary dyskinesia, primary, 21, MIM# 615294 | E31: ENSG00000157856 | F31: HGNC:24245 | G31: Expert Review Green;Victorian Clinical Genetics Services | H31: Yes | I31: DRC1 | J31: Ensembl ID | K31: Gold-standard | L31: Yes | M31: Male Infertility; Primary Ciliary Dyskinesia | N31: Motile Ciliopathies | O31: cilia
A32: DRC2 | B32: Green | C32: BIALLELIC, autosomal or pseudoautosomal | D32: Ciliary dyskinesia, primary, 27, MIM# 615504 | E32: ENSG00000139537 | F32: HGNC:29937 | G32: Expert Review Green;Victorian Clinical Genetics Services | H32: Yes | I32: DRC2 | J32: Ensembl ID | K32: Gold-standard | L32: Yes | M32: Primary Ciliary Dyskinesia | N32: Motile Ciliopathies | O32: basal body; cilia; transition zone
A33: DRC4 | B33: Green | C33: BIALLELIC, autosomal or pseudoautosomal | D33: Ciliary dyskinesia, primary, 33, mIM# 616726 | E33: ENSG00000141013 | F33: HGNC:4166 | G33: Expert Review Green;Victorian Clinical Genetics Services | H33: Yes | I33: DRC4 | J33: Ensembl ID | K33: Gold-standard | L33: Yes | M33: Primary Ciliary Dyskinesia | N33: Motile Ciliopathies | O33: cilia
A34: FOXJ1 | B34: Green | C34: MONOALLELIC, autosomal or pseudoautosomal, NOT imprinted | D34: Ciliary dyskinesia, primary, 43, MIM# 618699;hydrocephalus;chronic destructive airway disease;randomization of left/right body asymmetry | E34: ENSG00000129654 | F34: HGNC:3816 | G34: Expert Review Green;Literature | H34: Yes | I34: FOXJ1 | J34: Ensembl ID | K34: Cilia-associated | L34: Yes | M34: Hydrocephalus; Primary Ciliary Dyskinesia | N34: Primary Ciliopathies; Motile Ciliopathies | O34: cilia associated gene; nucleus
A35: GAS2L2 | B35: Green | C35: BIALLELIC, autosomal or pseudoautosomal | D35: Ciliary dyskinesia, primary, 41 (MIM # 618449) | E35: ENSG00000270765 | F35: HGNC:24846 | G35: Expert Review Green;Victorian Clinical Genetics Services | H35: Yes | I35: GAS2L2 | J35: Ensembl ID | K35: Gold-standard | L35: Yes | M35: Primary Ciliary Dyskinesia | N35: Motile Ciliopathies | O35: basal body; cilia; microtubules
A36: HYDIN | B36: Green | C36: BIALLELIC, autosomal or pseudoautosomal | D36: Ciliary dyskinesia, primary, 5 (MIM#608647) | E36: ENSG00000157423 | F36: HGNC:19368 | G36: Expert Review Green;Victorian Clinical Genetics Services | H36: Yes | I36: HYDIN | J36: Ensembl ID | K36: Gold-standard | L36: Yes | M36: Primary Ciliary Dyskinesia | N36: Motile Ciliopathies | O36: basal body
... A51: SPAG1 | B51: Green | C51: BIALLELIC, autosomal or pseudoautosomal | D51: Ciliary dyskinesia, primary, 28 (MIM#615505) | E51: ENSG00000104450 | F51: HGNC:11212 | G51: Expert Review Green;Victorian Clinical Genetics Services | H51: Yes | I51: SPAG1 | J51: Ensembl ID | K51: Gold-standard | L51: Yes | M51: Primary Ciliary Dyskinesia | N51: Motile Ciliopathies | O51: cilia; microtubules; nucleus
A52: TP73 | B52: Green | C52: BIALLELIC, autosomal or pseudoautosomal | D52: Ciliary dyskinesia, primary, 47, and lissencephaly, MIM#619466 | E52: ENSG00000078900 | F52: HGNC:12003 | G52: Expert Review Green;Literature | H52: Yes | I52: TP73 | J52: Ensembl ID | K52: Gold-standard | L52: Yes | M52: Mucociliary Clearance Disorder; Primary Ciliary Dyskinesia | N52: Motile Ciliopathies | O52: basal body; cilia; cytosol; nucleus | P52: Homozygous loss-of-function TP73 variants were found in seven individuals from five unrelated families with a mucociliary clearance disorder and lissencephaly, caused by defective multiciliated cell differentiation (Wallmeier et al. 2021, PMID 34077761).
A53: TTC12 | B53: Green | C53: BIALLELIC, autosomal or pseudoautosomal | D53: Ciliary dyskinesia | E53: ENSG00000149292 | F53: HGNC:23700 | G53: Expert Review Green;Literature | H53: Yes | I53: TTC12 | J53: Ensembl ID | K53: Gold-standard | L53: Yes | M53: Primary Ciliary Dyskinesia | N53: Motile Ciliopathies | O53: flagella
A54: TUBB4B | B54: Green | C54: MONOALLELIC, autosomal or pseudoautosomal, NOT imprinted | D54: Primary ciliary dyskinesia, MONDO:0016575, TUBB4B-related | E54: ENSG00000188229 | F54: HGNC:20771 | G54: Expert Review Green;Other | H54: Yes | I54: TUBB4B | J54: Ensembl ID | K54: Gold-standard | L54: Yes | M54: Leber Congenital Amaurosis; Primary Ciliary Dyskinesia | N54: Tissue-restricted Ciliopathies; Motile Ciliopathies | O54: basal body; cilia; cytosol; nucleus
A55: ZMYND10 | B55: Green | C55: BIALLELIC, autosomal or pseudoautosomal | D55: Ciliary dyskinesia, primary, 22, MIM#615444 | E55: ENSG00000004838 | F55: HGNC:19412 | G55: Expert Review Green;Victorian Clinical Genetics Services | H55: Yes | I55: ZMYND10 | J55: Ensembl ID | K55: Gold-standard | L55: Yes | M55: Primary Ciliary Dyskinesia | N55: Motile Ciliopathies | O55: basal body; centrosome
A56: CFAP57 | B56: Amber | C56: BIALLELIC, autosomal or pseudoautosomal | D56: Van der Woude Syndrome;Primary ciliary dyskinesia | E56: ENSG00000243710 | F56: HGNC:26485 | G56: Expert Review Amber;Literature | H56: Yes | I56: CFAP57 | J56: Ensembl ID | K56: Gold-standard | L56: Yes | M56: Primary Ciliary Dyskinesia | N56: Motile Ciliopathies | O56: cilia
A57: DNAH1 | B57: Amber | C57: BIALLELIC, autosomal or pseudoautosomal | D57: Primary ciliary dyskinesia 7, MONDO:0012748 | E57: ENSG00000114841 | F57: HGNC:2940 | G57: ClinGen;Expert Review Amber | H57: Yes | I57: DNAH1 | J57: Ensembl ID | K57: Gold-standard | L57: Yes | M57: Primary Ciliary Dyskinesia | N57: Motile Ciliopathies | O57: cilia
A58: DNAL1 | B58: Amber | C58: BIALLELIC, autosomal or pseudoautosomal | D58: Ciliary dyskinesia, primary, 16, MIM# 614017 | E58: ENSG00000119661 | F58: HGNC:23247 | G58: Expert Review Amber;Victorian Clinical Genetics Services | H58: Yes | I58: DNAL1 | J58: Ensembl ID | K58: Gold-standard | L58: Yes | M58: Primary Ciliary Dyskinesia | N58: Motile Ciliopathies | O58: basal body; cilia
A59: NFKB1 | B59: Amber | C59: MONOALLELIC, autosomal or pseudoautosomal, imprinted status unknown | D59: Immunodeficiency, common variable, 12 616576 | E59: ENSG00000109320 | F59: HGNC:7794 | G59: Expert list;Expert Review Amber | H59: No | J59: Not found | K59: Not in CiliaHub | L59: No
A60: NFKB2 | B60: Amber | C60: MONOALLELIC, autosomal or pseudoautosomal, imprinted status unknown | D60: Immunodeficiency, common variable, 10 615577 | E60: ENSG00000077150 | F60: HGNC:7795 | G60: Expert list;Expert Review Amber | H60: No | J60: Not found | K60: Not in CiliaHub | L60: No
A61: PIK3CD | B61: Amber | C61: MONOALLELIC, autosomal or pseudoautosomal, imprinted status unknown | D61: Immunodeficiency 14 615513 | E61: ENSG00000171608 | F61: HGNC:8977 | G61: Expert list;Expert Review Amber | H61: Yes | I61: PIK3CD | J61: Ensembl ID | K61: Gold-standard | L61: No | O61: cilia; cytosol
A62: PIK3R1 | B62: Amber | C62: BOTH monoallelic and biallelic, autosomal or pseudoautosomal | D62: ?Agammaglobulinemia 7, autosomal recessive 615214;Immunodeficiency 36 616005;SHORT syndrome 269880 | E62: ENSG00000145675 | F62: HGNC:8979 | G62: Expert list;Expert Review Amber | H62: No | J62: Not found | K62: Not in CiliaHub | L62: No
A63: SCNN1A | B63: Amber | C63: MONOALLELIC, autosomal or pseudoautosomal, NOT imprinted | D63: Bronchiectasis with or without elevated sweat chloride 2 (MIM#613021);MONDO:0013087 | E63: ENSG00000111319 | F63: HGNC:10599 | G63: Expert Review;Expert Review Amber | H63: No | J63: Not found | K63: Not in CiliaHub | L63: No
A64: SCNN1B | B64: Amber | C64: MONOALLELIC, autosomal or pseudoautosomal, imprinted status unknown | D64: Bronchiectasis with or without elevated sweat chloride 1 (MIM#211400) | E64: ENSG00000168447 | F64: HGNC:10600 | G64: Expert Review;Expert Review Amber | H64: No | J64: Not found | K64: Not in CiliaHub | L64: No
A65: SPEF2 | B65: Amber | C65: BIALLELIC, autosomal or pseudoautosomal | D65: Spermatogenic failure 43, MIM#618751;Primary ciliary dyskinesia-like phenotype | E65: ENSG00000152582 | F65: HGNC:26293 | G65: Expert Review Amber;Literature | H65: Yes | I65: SPEF2 | J65: Ensembl ID | K65: Gold-standard | L65: Yes | M65: Male Infertility; Primary Ciliary Dyskinesia | N65: Motile Ciliopathies | O65: cilia
A66: AK7 | B66: Red | C66: BIALLELIC, autosomal or pseudoautosomal | D66: Primary ciliary dyskinesia, MONDO:0016575 | E66: ENSG00000140057 | F66: HGNC:20091 | G66: ClinGen;Expert Review Red | H66: Yes | I66: AK7 | J66: Ensembl ID | K66: Gold-standard | L66: Yes | M66: Male Infertility; Primary Ciliary Dyskinesia | N66: Motile Ciliopathies | O66: cilia; flagella; nucleus | P66: A homozygous AK7 missense variant was identified in two siblings with MMAF without PCD features, with loss of AK7 protein in sperm (PMID 29365104). For PCD, evidence is a single insertion variant that could be related to disease (PMID 22801010), reduced AK7 expression in PCD patients (PMID 20537283) and a mouse model (PMID 18776131).
A67: AKNA | B67: Red | C67: BIALLELIC, autosomal or pseudoautosomal | D67: Primary ciliary dyskinesia, MONDO:0016575, AKNA-related | E67: ENSG00000106948 | F67: HGNC:24108 | G67: Expert Review Red;Literature | H67: Yes | I67: AKNA | J67: Ensembl ID | K67: Cilia-associated | L67: Yes | M67: Primary Ciliary Dyskinesia | N67: Motile Ciliopathies | O67: cilia associated gene; nucleus | P67: Biallelic likely deleterious AKNA variants were found in an exome study of suspected PCD, and AKNA was proposed as a novel candidate gene for a lung phenotype overlapping PCD (PMID 32367404).
A68: BRWD1 | B68: Red | C68: BIALLELIC, autosomal or pseudoautosomal | D68: Ciliary dyskinesia, primary, 51, MIM# 620438 | E68: ENSG00000185658 | F68: HGNC:12760 | G68: Expert Review Red;Literature | H68: Yes | I68: BRWD1 | J68: Ensembl ID | K68: Gold-standard | L68: Yes | M68: Primary Ciliary Dyskinesia | N68: Motile Ciliopathies | O68: cilia; flagella; nucleus
A69: CFAP43 | B69: Red | C69: BOTH monoallelic and biallelic (but BIALLELIC mutations cause a more SEVERE disease form), autosomal or pseudoautosomal | D69: Hydrocephalus, normal pressure, 1 236690;Spermatogenic failure 19 617592 | E69: ENSG00000197748 | F69: HGNC:26684 | G69: Expert Review;Expert Review Red | H69: Yes | I69: CFAP43 | J69: Ensembl ID | K69: Gold-standard | L69: Yes | M69: Male Infertility | N69: Motile Ciliopathies | O69: cilia
A70: DNAH14 | B70: Red | C70: BIALLELIC, autosomal or pseudoautosomal | D70: Primary ciliary dyskinesia, MONDO:0016575 | E70: ENSG00000185842 | F70: HGNC:2945 | G70: ClinGen;Expert Review Red | H70: Yes | I70: DNAH14 | J70: Ensembl ID | K70: Gold-standard | L70: Yes | M70: Primary Ciliary Dyskinesia | N70: Motile Ciliopathies | O70: basal body; endoplasmic reticulum; transition zone
A71: DNAH6 | B71: Red | C71: BOTH monoallelic and biallelic, autosomal or pseudoautosomal | D71: Primary ciliary dyskinesia, MONDO:0016575 | E71: ENSG00000115423 | F71: HGNC:2951 | G71: Expert list;Expert Review Red | H71: Yes | I71: DNAH6 | J71: Ensembl ID | K71: Gold-standard | L71: Yes | M71: Male Infertility | N71: Motile Ciliopathies | O71: basal body; cilia
A72: DNAH8 | B72: Red | C72: BIALLELIC, autosomal or pseudoautosomal | D72: Primary ciliary dyskinesia, MONDO:0016575, DNAH8-related | E72: ENSG00000124721 | F72: HGNC:2952 | G72: ClinGen;Expert Review Red | H72: Yes | I72: DNAH8 | J72: Ensembl ID | K72: Gold-standard | L72: Yes | M72: Primary Ciliary Dyskinesia | N72: Motile Ciliopathies | O72: flagella
A73: GOLGA3 | B73: Red | C73: BIALLELIC, autosomal or pseudoautosomal | D73: Primary ciliary dyskinesia MONDO:0016575, GOLGA3-related | E73: ENSG00000090615 | F73: HGNC:4426 | G73: Expert Review Red;Literature | H73: Yes | I73: GOLGA3 | J73: Ensembl ID | K73: Cilia-associated | L73: Yes | M73: Primary Ciliary Dyskinesia | N73: Motile Ciliopathies | O73: cilia associated gene; cytosol; nucleus | P73: Biallelic likely deleterious GOLGA3 variants were found in an exome study of suspected PCD, and the authors propose GOLGA3 as a novel candidate for a lung phenotype that clinically overlaps PCD (PMID 32367404).
A74: ITCH | B74: Red | C74: BIALLELIC, autosomal or pseudoautosomal | D74: Autoimmune disease, multisystem, with facial dysmorphism 613385;primary ciliary dyskinesia | E74: ENSG00000078747 | F74: HGNC:13890 | G74: Expert Review Red;Literature | H74: Yes | I74: ITCH | J74: Ensembl ID | K74: Gold-standard | L74: No | O74: basal body; cytosol; endosome; nucleus
A75: NME8 | B75: Red | C75: BIALLELIC, autosomal or pseudoautosomal | D75: Ciliary dyskinesia, primary, 6, MIM# 610852 | E75: ENSG00000086288 | F75: HGNC:16473 | G75: Expert Review Red;Victorian Clinical Genetics Services | H75: Yes | I75: NME8 | J75: Ensembl ID | K75: Cilia-associated | L75: Yes | M75: Primary Ciliary Dyskinesia | N75: Motile Ciliopathies | O75: cilia associated gene
A76: SCNN1G | B76: Red | C76: MONOALLELIC, autosomal or pseudoautosomal, NOT imprinted | D76: Bronchiectasis with or without elevated sweat chloride 3, MIM# 613071 | E76: ENSG00000166828 | F76: HGNC:10602 | G76: Expert list;Expert Review Red | H76: Yes | I76: SCNN1G | J76: Ensembl ID | K76: Gold-standard | L76: No | O76: cilia
A77: STK36 | B77: Red | C77: BIALLELIC, autosomal or pseudoautosomal | D77: Ciliary dyskinesia, primary, 46, MIM# 619436 | E77: ENSG00000163482 | F77: HGNC:17209 | G77: Expert list;Expert Review Red | H77: Yes | I77: STK36 | J77: Ensembl ID | K77: Gold-standard | L77: Yes | M77: Primary Ciliary Dyskinesia | N77: Motile Ciliopathies | O77: cilia; nucleus
A78: TEKT1 | B78: Red | C78: BIALLELIC, autosomal or pseudoautosomal | D78: Primary ciliary dyskinesia, MONDO:0016575 | E78: ENSG00000167858 | F78: HGNC:15534 | G78: ClinGen;Expert Review Red | H78: Yes | I78: TEKT1 | J78: Ensembl ID | K78: Gold-standard | L78: No | O78: cilia; flagella; nucleus

Sheet Dilated Cardiomyopathy
A1: Gene symbol (panel) | B1: PanelApp rating | C1: Mode of inheritance | D1: Phenotypes (panel) | E1: Ensembl ID GRCh38 (panel) | F1: HGNC ID (panel) | G1: Panel sources | H1: In CiliaHub | I1: CiliaHub gene | J1: Match method | K1: CiliaHub category | L1: In ciliopathy module | M1: CiliaHub ciliopathies | N1: CiliaHub ciliopathy classification | O1: CiliaHub localization | P1: Note
A2: ACTC1 | B2: Green | C2: MONOALLELIC, autosomal or pseudoautosomal, NOT imprinted | D2: Cardiomyopathy, dilated, 1R, MIM# 613424 | E2: ENSG00000159251 | F2: HGNC:143 | G2: Expert Review Green;Victorian Clinical Genetics Services | H2: No | J2: Not found | K2: Not in CiliaHub | L2: No
A3: ACTN2 | B3: Green | C3: MONOALLELIC, autosomal or pseudoautosomal, imprinted status unknown | D3: Cardiomyopathy, dilated, 1AA, with or without LVNC, MIM# 612158;ACTN2-related cardiac and skeletal myopathy, MONDO:0700349 | E3: ENSG00000077522 | F3: HGNC:164 | G3: Expert Review;Expert Review Green | H3: Yes | I3: ACTN2 | J3: Ensembl ID | K3: Gold-standard | L3: No | O3: cilia; cytosol; transition zone
A4: ALMS1 | B4: Green | C4: BIALLELIC, autosomal or pseudoautosomal | D4: Cardiomyopathy, MONDO:0004994 | E4: ENSG00000116127 | F4: HGNC:428 | G4: Expert Review;Expert Review Green;NHS GMS | H4: Yes | I4: ALMS1 | J4: Ensembl ID | K4: Gold-standard | L4: Yes | M4: Alström Syndrome | N4: Primary Ciliopathies | O4: basal body; centrosome; cilia; cytosol
A5: ALPK3 | B5: Green | C5: BIALLELIC, autosomal or pseudoautosomal | D5: Cardiomyopathy, familial hypertrophic 27, MIM# 618052 | E5: ENSG00000136383 | F5: HGNC:17574 | G5: Expert Review Green;Victorian Clinical Genetics Services | H5: No | J5: Not found | K5: Not in CiliaHub | L5: No
A6: BAG3 | B6: Green | C6: MONOALLELIC, autosomal or pseudoautosomal, NOT imprinted | D6: Cardiomyopathy, dilated, 1HH, MIM# 613881;MONDO:0013479 | E6: ENSG00000151929 | F6: HGNC:939 | G6: Expert Review Green;Victorian Clinical Genetics Services | H6: Yes | I6: BAG3 | J6: Ensembl ID | K6: Gold-standard | L6: No | O6: basal body; cytosol; transition zone
A7: BAG5 | B7: Green | C7: BIALLELIC, autosomal or pseudoautosomal | D7: Cardiomyopathy, dilated, 2F, MIM# 619747 | E7: ENSG00000166170 | F7: HGNC:941 | G7: Expert Review Green;Literature | H7: No | J7: Not found | K7: Not in CiliaHub | L7: No
A8: C10orf71 | B8: Green | C8: MONOALLELIC, autosomal or pseudoautosomal, imprinted status unknown | D8: Cardiomyopathy, dilated, 1QQ, MIM# 621251 | E8: ENSG00000177354 | F8: HGNC:26973 | G8: Expert Review Green;Other | H8: No | J8: Not found | K8: Not in CiliaHub | L8: No
A9: CAP2 | B9: Green | C9: BIALLELIC, autosomal or pseudoautosomal | D9: Cardiomyopathy, dilated, 2I (MIM#620462) | E9: ENSG00000112186 | F9: HGNC:20039 | G9: Expert list;Expert Review Green | H9: No | J9: Not found | K9: Not in CiliaHub | L9: No
A10: DES | B10: Green | C10: MONOALLELIC, autosomal or pseudoautosomal, NOT imprinted | D10: Cardiomyopathy, dilated, 1I, MIM# 604765;MONDO:0011482 | E10: ENSG00000175084 | F10: HGNC:2770 | G10: ClinGen;Expert Review Green | H10: No | J10: Not found | K10: Not in CiliaHub | L10: No
A11: DMD | B11: Green | C11: X-LINKED: hemizygous mutation in males, monoallelic mutations in females may cause disease (may be less severe, later onset than males) | D11: Cardiomyopathy, dilated, 3B (MIM#302045) | E11: ENSG00000198947 | F11: HGNC:2928 | G11: Expert Review Green;Victorian Clinical Genetics Services | H11: No | J11: Not found | K11: Not in CiliaHub | L11: No
A12: DSP | B12: Green | C12: BOTH monoallelic and biallelic, autosomal or pseudoautosomal | D12: Dilated cardiomyopathy with woolly hair, keratoderma, and tooth agenesis, MIM# 615821;Cardiomyopathy, dilated, with woolly hair and keratoderma, MIM# 605676 | E12: ENSG00000096696 | F12: HGNC:3052 | G12: Expert Review Green;Victorian Clinical Genetics Services | H12: Yes | I12: DSP | J12: Ensembl ID via HGNC current symbol | K12: Gold-standard | L12: No | O12: basal body; Cell Junctions
A13: EMD | B13: Green | C13: X-LINKED: hemizygous mutation in males, biallelic mutations in females | D13: Emery-Dreifuss muscular dystrophy 1, X-linked MIM#310300 | E13: ENSG00000102119 | F13: HGNC:3331 | G13: Expert Review Green;Literature | H13: No | J13: Not found | K13: Not in CiliaHub | L13: No
A14: FKRP | B14: Green | C14: BIALLELIC, autosomal or pseudoautosomal | D14: Muscular dystrophy-dystroglycanopathy (limb-girdle), type C, 5, 607155 | E14: ENSG00000181027 | F14: HGNC:17997 | G14: Expert Review Green;Literature | H14: No | J14: Not found | K14: Not in CiliaHub | L14: No
A15: FLNC | B15: Green | C15: MONOALLELIC, autosomal or pseudoautosomal, imprinted status unknown | D15: Dilated cardiomyopathy | E15: ENSG00000128591 | F15: HGNC:3756 | G15: Expert Review Green;Literature | H15: No | J15: Not found | K15: Not in CiliaHub | L15: No
A16: JPH2 | B16: Green | C16: BOTH monoallelic and biallelic (but BIALLELIC mutations cause a more SEVERE disease form), autosomal or pseudoautosomal | D16: Cardiomyopathy, dilated, 2E, MIM# 619492 | E16: ENSG00000149596 | F16: HGNC:14202 | G16: Expert Review Green;Literature | H16: No | J16: Not found | K16: Not in CiliaHub | L16: No
A17: LAMP2 | B17: Green | C17: X-LINKED: hemizygous mutation in males, monoallelic mutations in females may cause disease (may be less severe, later onset than males) | D17: Danon disease, MIM#300257 | E17: ENSG00000005893 | F17: HGNC:6501 | G17: Expert Review Green;Victorian Clinical Genetics Services | H17: No | J17: Not found | K17: Not in CiliaHub | L17: No
A18: LMNA | B18: Green | C18: MONOALLELIC, autosomal or pseudoautosomal, NOT imprinted | D18: Cardiomyopathy, dilated, 1A, MIM# 115200 | E18: ENSG00000160789 | F18: HGNC:6636 | G18: Expert Review Green;Victorian Clinical Genetics Services | H18: No | J18: Not found | K18: Not in CiliaHub | L18: No
A19: MAP3K7 | B19: Green | C19: MONOALLELIC, autosomal or pseudoautosomal, NOT imprinted | D19: Dilated cardiomyopathy;Cardiospondylocarpofacial syndrome (CSCF) MIM# 157800 | E19: ENSG00000135341 | F19: HGNC:6859 | G19: Expert Review Green;Literature | H19: Yes | I19: MAP3K7 | J19: Ensembl ID | K19: Gold-standard | L19: No | O19: cilia; basal body
A20: MYH7 | B20: Green | C20: MONOALLELIC, autosomal or pseudoautosomal, NOT imprinted | D20: Cardiomyopathy, dilated, 1S, MIM# 613426;MONDO:0013262 | E20: ENSG00000092054 | F20: HGNC:7577 | G20: Expert Review Green;Victorian Clinical Genetics Services | H20: No | J20: Not found | K20: Not in CiliaHub | L20: No
A21: MYZAP | B21: Green | C21: BIALLELIC, autosomal or pseudoautosomal | D21: Cardiomyopathy, dilated, 2K, MIM# 620894 | E21: ENSG00000263155 | F21: HGNC:43444 | G21: Expert Review Green;Literature | H21: No | J21: Not found | K21: Not in CiliaHub | L21: No
A22: NEXN | B22: Green | C22: MONOALLELIC, autosomal or pseudoautosomal, NOT imprinted | D22: Cardiomyopathy, dilated, 1CC, MIM# 613122 | E22: ENSG00000162614 | F22: HGNC:29557 | G22: Expert Review Green;Victorian Clinical Genetics Services | H22: No | J22: Not found | K22: Not in CiliaHub | L22: No
A23: NKX2-5 | B23: Green | C23: MONOALLELIC, autosomal or pseudoautosomal, NOT imprinted | D23: Dilated cardiomyopathy | E23: ENSG00000183072 | F23: HGNC:2488 | G23: Expert list;Expert Review Green | H23: Yes | I23: NKX2-5 | J23: Ensembl ID | K23: Cilia-associated | L23: No | O23: cilia associated gene; nucleus
A24: PKP2 | B24: Green | C24: BIALLELIC, autosomal or pseudoautosomal | D24: Arrhythmogenic right ventricular dysplasia 9 (MIM#609040);Dilated cardiomyopathy, MONDO:0005021, PKP2-related;hypoplastic left heart syndrome;hydrops fetalis;ventricular septal defect;left ventricular non-compaction | E24: ENSG00000057294 | F24: HGNC:9024 | G24: Expert Review Green;Literature | H24: Yes | I24: PKP2 | J24: Ensembl ID via HGNC current symbol | K24: Gold-standard | L24: No | O24: basal body; Nucleoplasm; Cell Junctions
A25: PLN | B25: Green | C25: MONOALLELIC, autosomal or pseudoautosomal, NOT imprinted | D25: Cardiomyopathy, dilated, 1P, MIM# 609909 | E25: ENSG00000198523 | F25: HGNC:9080 | G25: Expert Review Green;Victorian Clinical Genetics Services | H25: No | J25: Not found | K25: Not in CiliaHub | L25: No
A26: PRDM16 | B26: Green | C26: MONOALLELIC, autosomal or pseudoautosomal, NOT imprinted | D26: Cardiomyopathy, dilated, 1LL MIM#615373;Left ventricular noncompaction 8 MIM#615373 | E26: ENSG00000142611 | F26: HGNC:14000 | G26: Expert Review Green;Literature | H26: No | J26: Not found | K26: Not in CiliaHub | L26: No
A27: RBM20 | B27: Green | C27: MONOALLELIC, autosomal or pseudoautosomal, NOT imprinted | D27: Cardiomyopathy, dilated, 1DD 613172 AD | E27: ENSG00000203867 | F27: HGNC:27424 | G27: Expert Review Green;Victorian Clinical Genetics Services | H27: No | J27: Not found | K27: Not in CiliaHub | L27: No
A28: SCN5A | B28: Green | C28: MONOALLELIC, autosomal or pseudoautosomal, NOT imprinted | D28: Cardiomyopathy, dilated, 1E, MIM# 601154;Multifocal ectopic Purkinje-related premature contractions (MEPPC) syndrome;SCN5A-related cardiac rhythm disorder MONDO:1010181 | E28: ENSG00000183873 | F28: HGNC:10593 | G28: Expert Review Green;Victorian Clinical Genetics Services | H28: No | J28: Not found | K28: Not in CiliaHub | L28: No
A29: TBX20 | B29: Green | C29: MONOALLELIC, autosomal or pseudoautosomal, NOT imprinted | D29: Dilated cardiomyopathy, MONDO:0005021, TBX20-related | E29: ENSG00000164532 | F29: HGNC:11598 | G29: Expert Review Green;Literature | H29: No | J29: Not found | K29: Not in CiliaHub | L29: No
A30: TBX5 | B30: Green | C30: MONOALLELIC, autosomal or pseudoautosomal, NOT imprinted | D30: Holt-Oram syndrome, MIM# 142900;Dilated cardiomyopathy | E30: ENSG00000089225 | F30: HGNC:11604 | G30: Expert Review Green;Literature | H30: No | J30: Not found | K30: Not in CiliaHub | L30: No
A31: TNNC1 | B31: Green | C31: MONOALLELIC, autosomal or pseudoautosomal, NOT imprinted | D31: Cardiomyopathy, dilated, 1Z, MIM# 611879;MONDO:0012745 | E31: ENSG00000114854 | F31: HGNC:11943 | G31: Expert Review Green;Victorian Clinical Genetics Services | H31: No | J31: Not found | K31: Not in CiliaHub | L31: No
A32: TNNI3 | B32: Green | C32: MONOALLELIC, autosomal or pseudoautosomal, NOT imprinted | D32: Cardiomyopathy, dilated, 1FF, MIM#613286 | E32: ENSG00000129991 | F32: HGNC:11947 | G32: Expert Review Green;Victorian Clinical Genetics Services | H32: No | J32: Not found | K32: Not in CiliaHub | L32: No
A33: TNNI3K | B33: Green | C33: MONOALLELIC, autosomal or pseudoautosomal, NOT imprinted | D33: Cardiac conduction disease with or without dilated cardiomyopathy, MIM# 616117 | E33: ENSG00000116783 | F33: HGNC:19661 | G33: Expert list;Expert Review Green | H33: No | J33: Not found | K33: Not in CiliaHub | L33: No
A34: TNNT2 | B34: Green | C34: MONOALLELIC, autosomal or pseudoautosomal, NOT imprinted | D34: Cardiomyopathy, dilated, 1D, MIM# 601494 | E34: ENSG00000118194 | F34: HGNC:11949 | G34: Expert Review Green;Victorian Clinical Genetics Services | H34: Yes | I34: TNNT2 | J34: Ensembl ID | K34: Cilia-associated | L34: No | O34: cilia associated gene; cytosol
A35: TPM1 | B35: Green | C35: MONOALLELIC, autosomal or pseudoautosomal, NOT imprinted | D35: Cardiomyopathy, dilated, 1Y, MIM# 611878 | E35: ENSG00000140416 | F35: HGNC:12010 | G35: Expert Review Green;Victorian Clinical Genetics Services | H35: No | J35: Not found | K35: Not in CiliaHub | L35: No
A36: TTN | B36: Green | C36: MONOALLELIC, autosomal or pseudoautosomal, NOT imprinted | D36: Cardiomyopathy, dilated, 1G, MIM#604145 | E36: ENSG00000155657 | F36: HGNC:12403 | G36: Expert Review Green;Victorian Clinical Genetics Services | H36: No | J36: Not found | K36: Not in CiliaHub | L36: No
A37: VCL | B37: Green | C37: MONOALLELIC, autosomal or pseudoautosomal, NOT imprinted | D37: Cardiomyopathy, dilated, 1W, MIM# 611407 | E37: ENSG00000035403 | F37: HGNC:12665 | G37: Expert Review Green;Victorian Clinical Genetics Services | H37: No | J37: Not found | K37: Not in CiliaHub | L37: No
A38: ABCC9 | B38: Amber | C38: MONOALLELIC, autosomal or pseudoautosomal, NOT imprinted | D38: dilated cardiomyopathy 1O MONDO:0012062 | E38: ENSG00000069431 | F38: HGNC:60 | G38: ClinGen;Expert Review Amber | H38: No | J38: Not found | K38: Not in CiliaHub | L38: No
A39: DOLK | B39: Amber | C39: BIALLELIC, autosomal or pseudoautosomal | D39: Congenital disorder of glycosylation, type Im MIM#610768 | E39: ENSG00000175283 | F39: HGNC:23406 | G39: Expert Review Amber;Literature | H39: No | J39: Not found | K39: Not in CiliaHub | L39: No
A40: DSG2 | B40: Amber | C40: BOTH monoallelic and biallelic, autosomal or pseudoautosomal | D40: Arrhythmogenic right ventricular dysplasia, 10, 610193;Cardiomyopathy, dilated, 1BB, 612877 | E40: ENSG00000046604 | F40: HGNC:3049 | G40: Expert Review Amber;Victorian Clinical Genetics Services | H40: No | J40: Not found | K40: Not in CiliaHub | L40: No
A41: FBN1 | B41: Amber | C41: MONOALLELIC, autosomal or pseudoautosomal, NOT imprinted | D41: MONDO:0007947 Marfan Syndrome | E41: ENSG00000166147 | F41: HGNC:3603 | G41: Expert Review Amber;Literature | H41: No | J41: Not found | K41: Not in CiliaHub | L41: No
A42: FBXO32 | B42: Amber | C42: BIALLELIC, autosomal or pseudoautosomal | D42: Dilated cardiomyopathy, MONDO:0005021, FBXO32-related | E42: ENSG00000156804 | F42: HGNC:16731 | G42: Expert Review Amber;Literature | H42: No | J42: Not found | K42: Not in CiliaHub | L42: No
A43: FKTN | B43: Amber | C43: BIALLELIC, autosomal or pseudoautosomal | D43: Cardiomyopathy, dilated, 1X MIM#611615 | E43: ENSG00000106692 | F43: HGNC:3622 | G43: Expert Review Amber;Literature | H43: No | J43: Not found | K43: Not in CiliaHub | L43: No
A44: GATA6 | B44: Amber | C44: MONOALLELIC, autosomal or pseudoautosomal, imprinted status unknown | D44: Dilated cardiomyopathy | E44: ENSG00000141448 | F44: HGNC:4174 | G44: Expert Review Amber;Literature | H44: Yes | I44: GATA6 | J44: Ensembl ID | K44: Cilia-associated | L44: No | O44: cilia associated gene; nucleus
A45: JUP | B45: Amber | C45: BIALLELIC, autosomal or pseudoautosomal | D45: Arrhythmogenic right ventricular dysplasia 12 (MIM#611528);Naxos disease, MIM# 601214 | E45: ENSG00000173801 | F45: HGNC:6207 | G45: Expert Review Amber;Literature | H45: No | J45: Not found | K45: Not in CiliaHub | L45: No
A46: KLF13 | B46: Amber | C46: MONOALLELIC, autosomal or pseudoautosomal, NOT imprinted | D46: Dilated cardiomyopathy - MONDO:0005021, KLF13-related | E46: ENSG00000169926 | F46: HGNC:13672 | G46: Expert Review Amber;Literature | H46: No | J46: Not found | K46: Not in CiliaHub | L46: No
A47: LDB3 | B47: Amber | C47: MONOALLELIC, autosomal or pseudoautosomal, NOT imprinted | D47: Cardiomyopathy, dilated, 1C, with or without LVNC MIM#601493 | E47: ENSG00000122367 | F47: HGNC:15710 | G47: Expert Review Amber;Victorian Clinical Genetics Services | H47: No | J47: Not found | K47: Not in CiliaHub | L47: No
A48: MYLK3 | B48: Amber | C48: BOTH monoallelic and biallelic, autosomal or pseudoautosomal | D48: dilated cardiomyopathy, MONDO:0005021, MYLK3-related | E48: ENSG00000140795 | F48: HGNC:29826 | G48: Expert Review Amber;Literature | H48: No | J48: Not found | K48: Not in CiliaHub | L48: No
A49: MYOM1 | B49: Amber | C49: MONOALLELIC, autosomal or pseudoautosomal, NOT imprinted | D49: Dilated cardiomyopathy, MONDO:0005021, MYOM1-related | E49: ENSG00000101605 | F49: HGNC:7613 | G49: Expert Review Amber;Victorian Clinical Genetics Services | H49: No | J49: Not found | K49: Not in CiliaHub | L49: No
A50: NEBL | B50: Amber | C50: MONOALLELIC, autosomal or pseudoautosomal, NOT imprinted | D50: Hypertrophic cardiomyopathy;dilated cardiomyopathy | E50: ENSG00000078114 | F50: HGNC:16932 | G50: Expert Review Amber;Literature | H50: No | J50: Not found | K50: Not in CiliaHub | L50: No
A51: PLEKHM2 | B51: Amber | C51: BIALLELIC, autosomal or pseudoautosomal | D51: Dilated cardiomyopathy MONDO:0005021 | E51: ENSG00000116786 | F51: HGNC:29131 | G51: Expert Review Amber;Literature | H51: No | J51: Not found | K51: Not in CiliaHub | L51: No
A52: SLC6A6 | B52: Amber | C52: BIALLELIC, autosomal or pseudoautosomal | D52: Hypotaurinaemic retinal degeneration and cardiomyopathy (HTRDC), MIM#145350;Early retinal degeneration;cardiomyopathy | E52: ENSG00000131389 | F52: HGNC:11052 | G52: Expert Review Amber;Expert Review Green;Literature | H52: No | J52: Not found | K52: Not in CiliaHub | L52: No
A53: TMEM43 | B53: Amber | C53: MONOALLELIC, autosomal or pseudoautosomal, imprinted status unknown | D53: Arrhythmogenic right ventricular dysplasia 5 (MIM# 604400) | E53: ENSG00000170876 | F53: HGNC:28472 | G53: Expert Review Amber;Literature | H53: No | J53: Not found | K53: Not in CiliaHub | L53: No
A54: ANKRD1 | B54: Red | C54: MONOALLELIC, autosomal or pseudoautosomal, NOT imprinted | D54: Dilated cardiomyopathy | E54: ENSG00000148677 | F54: HGNC:15819 | G54: Expert Review Red;Victorian Clinical Genetics Services | H54: No | J54: Not found | K54: Not in CiliaHub | L54: No
A55: BMP10 | B55: Red | C55: MONOALLELIC, autosomal or pseudoautosomal, NOT imprinted | D55: Dilated cardiomyopathy MONDO:0005021 | E55: ENSG00000163217 | F55: HGNC:20869 | G55: Expert Review Red;Literature | H55: No | J55: Not found | K55: Not in CiliaHub | L55: No
A56: CDH2 | B56: Red | C56: MONOALLELIC, autosomal or pseudoautosomal, imprinted status unknown | D56: Arrhythmogenic right ventricular dysplasia, familial, 14 MIM#618920 | E56: ENSG00000170558 | F56: HGNC:1759 | G56: Expert Review Red;Literature | H56: Yes | I56: CDH2 | J56: Ensembl ID | K56: Cilia-associated | L56: No | O56: cilia associated
A57: CHRM2 | B57: Red | C57: MONOALLELIC, autosomal or pseudoautosomal, NOT imprinted | D57: Familial Dilated Cardiomyopathy MONDO#0016333, CHRM2-related | E57: ENSG00000181072 | F57: HGNC:1951 | G57: Expert Review;Expert Review Red | H57: Yes | I57: CHRM2 | J57: Ensembl ID | K57: Gold-standard | L57: No | O57: basal body; endosome
A58: CRYAB | B58: Red | C58: MONOALLELIC, autosomal or pseudoautosomal, NOT imprinted | D58: Cardiomyopathy, dilated, 1II, MIM#615184 | E58: ENSG00000109846 | F58: HGNC:2389 | G58: Expert Review Red;Victorian Clinical Genetics Services | H58: No | J58: Not found | K58: Not in CiliaHub | L58: No
A59: CSRP3 | B59: Red | C59: MONOALLELIC, autosomal or pseudoautosomal, NOT imprinted | D59: Cardiomyopathy, dilated, 1M MIM#607482 | E59: ENSG00000129170 | F59: HGNC:2472 | G59: Expert Review Red;Victorian Clinical Genetics Services | H59: No | J59: Not found | K59: Not in CiliaHub | L59: No
A60: CTF1 | B60: Red | C60: MONOALLELIC, autosomal or pseudoautosomal, imprinted status unknown | D60: dilated cardiomyopathy MONDO:0005021, CTF1-related | E60: ENSG00000150281 | F60: HGNC:2499 | G60: Expert Review Red;NHS GMS;South West GLH | H60: No | J60: Not found | K60: Not in CiliaHub | L60: No
A61: DSC2 | B61: Red | C61: BOTH monoallelic and biallelic, autosomal or pseudoautosomal | D61: Arrhythmogenic right ventricular dysplasia 11 with or without mild palmoplantar keratoderma and woolly hair MIM#610476 | E61: ENSG00000134755 | F61: HGNC:3036 | G61: Expert Review Red;Literature | H61: No | J61: Not found | K61: Not in CiliaHub | L61: No
A62: ETS1 | B62: Red | C62: MONOALLELIC, autosomal or pseudoautosomal, NOT imprinted | D62: Familial dilated cardiomyopathy, MONDO:0016333, ETS1-related | E62: ENSG00000134954 | F62: HGNC:3488 | G62: Expert Review Red;Literature | H62: Yes | I62: ETS1 | J62: Ensembl ID | K62: Cilia-associated | L62: No | O62: cilia associated gene; nucleoplasm
A63: HSPB6 | B63: Red | C63: MONOALLELIC, autosomal or pseudoautosomal, imprinted status unknown | D63: Dilated cardiomyopathy, MONDO:0005021, HSPB6-related | E63: ENSG00000004776 | F63: HGNC:26511 | G63: Literature | H63: No | J63: Not found | K63: Not in CiliaHub | L63: No
A64: ILK | B64: Red | C64: MONOALLELIC, autosomal or pseudoautosomal, NOT imprinted | D64: Dilated cardiomyopathy | E64: ENSG00000166333 | F64: HGNC:6040 | G64: Expert Review Red;Victorian Clinical Genetics Services | H64: No | J64: Not found | K64: Not in CiliaHub | L64: No
A65: LAMA4 | B65: Red | C65: MONOALLELIC, autosomal or pseudoautosomal, NOT imprinted | D65: Cardiomyopathy, dilated, 1JJ (MIM#615235) | E65: ENSG00000112769 | F65: HGNC:6484 | G65: Expert Review Red;Victorian Clinical Genetics Services | H65: No | J65: Not found | K65: Not in CiliaHub | L65: No
A66: MYBPC3 | B66: Red | C66: MONOALLELIC, autosomal or pseudoautosomal, NOT imprinted | D66: Cardiomyopathy, dilated, 1MM, MIM#615396 | E66: ENSG00000134571 | F66: HGNC:7551 | G66: Expert Review Red;Victorian Clinical Genetics Services | H66: No | J66: Not found | K66: Not in CiliaHub | L66: No
A67: MYL3 | B67: Red | C67: MONOALLELIC, autosomal or pseudoautosomal, NOT imprinted | D67: Dilated cardiomyopathy, MONDO:0005021 | E67: ENSG00000160808 | F67: HGNC:7584 | G67: ClinGen;Expert Review Red | H67: No | J67: Not found | K67: Not in CiliaHub | L67: No
A68: PDLIM3 | B68: Red | C68: MONOALLELIC, autosomal or pseudoautosomal, NOT imprinted | D68: Dilated cardiomyopathy, MONDO:0005021 | E68: ENSG00000154553 | F68: HGNC:20767 | G68: ClinGen;Expert Review Red | H68: Yes | I68: PDLIM3 | J68: Ensembl ID | K68: Gold-standard | L68: No | O68: cilia
A69: PPCS | B69: Red | C69: BIALLELIC, autosomal or pseudoautosomal | D69: Cardiomyopathy, dilated, 2C, MIM# 618189 | E69: ENSG00000127125 | F69: HGNC:25686 | G69: Expert list;Expert Review Red | H69: No | J69: Not found | K69: Not in CiliaHub | L69: No
A70: PSEN1 | B70: Red | C70: MONOALLELIC, autosomal or pseudoautosomal, NOT imprinted | D70: Dilated cardiomyopathy, MONDO:0005021 | E70: ENSG00000080815 | F70: HGNC:9508 | G70: ClinGen;Expert Review Red | H70: Yes | I70: PSEN1 | J70: Ensembl ID | K70: Gold-standard | L70: No | O70: centrosome; cilia; nucleus
A71: SOD2 | B71: Red | C71: BIALLELIC, autosomal or pseudoautosomal | D71: Dilated cardiomyopathy MONDO:0005021, lethal neonatal, SOD2-related | E71: ENSG00000291237 | F71: HGNC:11180 | G71: Expert Review Red;Literature | H71: Yes | I71: SOD2 | J71: Ensembl ID | K71: Cilia-associated | L71: Yes | M71: Retinal Dystrophy/Degeneration | N71: Tissue-restricted Ciliopathies | O71: cilia associated gene; mitochondria | P71: Evidence is from RPE-specific Sod2 knockout mice used as an oxidative stress model of dry AMD-like retinal degeneration; no patients with SOD2 variants are described (PMID 34070383).
A72: TAFAZZIN | B72: Red | C72: X-LINKED: hemizygous mutation in males, biallelic mutations in females | D72: Barth syndrome (MIM# 302060) | E72: ENSG00000102125 | F72: HGNC:11577 | G72: Expert Review Red;Victorian Clinical Genetics Services | H72: Yes | I72: TAFAZZIN | J72: Ensembl ID | K72: Gold-standard | L72: No | O72: basal body
A73: TCAP | B73: Red | C73: MONOALLELIC, autosomal or pseudoautosomal, imprinted status unknown | D73: Muscular dystrophy, limb-girdle, autosomal recessive 7 (MIM# 601954);Cardiomyopathy, hypertrophic, 25 (MIM# 607487) | E73: ENSG00000173991 | F73: HGNC:11610 | G73: Expert Review Red;Literature | H73: No | J73: Not found | K73: Not in CiliaHub | L73: No
A74: TMPO | B74: Red | C74: MONOALLELIC, autosomal or pseudoautosomal, NOT imprinted | D74: Dilated cardiomyopathy, MONDO:0005021 | E74: ENSG00000120802 | F74: HGNC:11875 | G74: ClinGen;Expert Review Red | H74: No | J74: Not found | K74: Not in CiliaHub | L74: No
A75: VEZF1 | B75: Red | C75: MONOALLELIC, autosomal or pseudoautosomal, NOT imprinted | D75: dilated cardiomyopathy MONDO:0005021 | E75: ENSG00000136451 | F75: HGNC:12949 | G75: Literature | H75: No | J75: Not found | K75: Not in CiliaHub | L75: No
